

#
# Structure for table "admin_login_logs"
#

CREATE TABLE `admin_login_logs` (
  `id` bigint(20) unsigned NOT NULL AUTO_INCREMENT,
  `admin_id` bigint(20) unsigned NOT NULL,
  `ip_address` varchar(45) COLLATE utf8mb4_unicode_ci NOT NULL,
  `created_at` timestamp NOT NULL DEFAULT current_timestamp(),
  PRIMARY KEY (`id`)
) ENGINE=InnoDB AUTO_INCREMENT=99 DEFAULT CHARSET=utf8mb4 COLLATE=utf8mb4_unicode_ci ROW_FORMAT=DYNAMIC;

#
# Data for table "admin_login_logs"
#

INSERT INTO `admin_login_logs` VALUES (1,1,'36.75.64.21','2021-06-06 23:49:12'),(2,1,'114.125.202.15','2021-06-06 23:56:24'),(3,1,'36.75.58.124','2021-06-07 02:43:07'),(4,1,'114.125.202.15','2021-06-07 02:52:12'),(5,1,'36.75.58.124','2021-06-07 02:54:20'),(6,1,'114.125.202.209','2021-06-07 15:06:34'),(7,1,'36.75.58.124','2021-06-07 15:19:55'),(8,1,'118.96.235.7','2021-06-07 15:39:05'),(9,1,'118.96.235.7','2021-06-07 20:14:23'),(10,1,'36.75.58.124','2021-06-07 20:27:39'),(11,1,'114.125.222.194','2021-06-07 20:31:10'),(12,1,'36.75.58.124','2021-06-07 21:14:10'),(13,1,'182.1.176.164','2021-06-07 21:26:49'),(14,1,'182.1.176.164','2021-06-07 22:00:26'),(15,1,'114.125.185.164','2021-06-08 09:26:20'),(16,1,'114.125.180.187','2021-06-08 12:49:50'),(17,1,'127.0.0.1','2021-06-11 16:42:33'),(18,1,'127.0.0.1','2021-06-16 10:10:58'),(19,1,'127.0.0.1','2021-06-17 17:20:55'),(20,1,'127.0.0.1','2021-06-18 17:14:33'),(21,1,'127.0.0.1','2021-06-28 07:03:39'),(22,1,'127.0.0.1','2021-06-28 22:15:14'),(23,1,'127.0.0.1','2021-06-30 07:40:46'),(24,1,'127.0.0.1','2021-07-01 10:14:43'),(25,1,'127.0.0.1','2021-07-01 14:48:42'),(26,1,'127.0.0.1','2021-07-01 20:01:04'),(27,1,'127.0.0.1','2021-07-02 19:15:36'),(28,1,'127.0.0.1','2021-07-02 22:33:07'),(29,1,'127.0.0.1','2021-07-05 09:59:20'),(30,1,'127.0.0.1','2021-07-05 17:59:31'),(31,1,'127.0.0.1','2021-07-07 18:34:58'),(32,1,'127.0.0.1','2021-07-08 20:41:32'),(33,1,'127.0.0.1','2021-07-09 21:46:33'),(34,1,'127.0.0.1','2021-07-10 10:53:00'),(35,1,'127.0.0.1','2021-07-10 15:41:17'),(36,1,'127.0.0.1','2021-07-10 19:44:34'),(37,1,'125.166.3.37','2021-07-11 00:19:22'),(38,1,'202.67.36.195','2021-07-11 00:41:37'),(39,1,'202.67.36.20','2021-07-11 08:00:59'),(40,1,'202.67.36.20','2021-07-11 08:43:16'),(41,1,'125.166.3.37','2021-07-11 09:14:04'),(42,1,'202.67.36.194','2021-07-11 18:50:24'),(43,1,'125.166.5.136','2021-07-11 20:55:49'),(44,2,'202.67.36.20','2021-07-11 21:28:16'),(45,1,'202.67.36.192','2021-07-12 06:12:08'),(46,1,'125.166.5.136','2021-07-12 06:47:34'),(47,2,'202.67.37.252','2021-07-12 08:34:35'),(48,1,'125.166.5.136','2021-07-12 08:37:14'),(49,2,'103.105.32.79','2021-07-12 08:42:15'),(50,1,'125.166.5.136','2021-07-12 09:54:53'),(51,2,'103.105.32.111','2021-07-12 11:21:12'),(52,1,'125.166.5.136','2021-07-12 14:59:51'),(53,2,'202.67.36.204','2021-07-12 15:00:29'),(54,2,'103.105.32.56','2021-07-12 20:40:39'),(55,2,'202.67.36.215','2021-07-12 20:45:27'),(56,2,'202.67.36.1','2021-07-13 00:09:55'),(57,2,'202.67.37.31','2021-07-13 08:35:07'),(58,2,'202.67.36.199','2021-07-13 14:52:13'),(59,2,'202.67.37.233','2021-07-13 16:48:11'),(60,1,'125.166.5.136','2021-07-13 16:59:24'),(61,1,'120.188.3.184','2021-07-13 20:11:28'),(62,2,'202.67.37.236','2021-07-14 08:14:33'),(63,1,'120.188.37.135','2021-07-14 11:03:56'),(64,2,'202.67.37.16','2021-07-14 12:33:01'),(65,2,'202.67.36.21','2021-07-14 14:43:15'),(66,2,'202.67.37.17','2021-07-14 18:03:52'),(67,2,'202.67.36.28','2021-07-14 19:37:35'),(68,2,'202.67.37.10','2021-07-15 00:57:42'),(69,2,'202.67.36.217','2021-07-15 08:27:57'),(70,2,'202.67.36.217','2021-07-15 08:31:10'),(71,1,'127.0.0.1','2021-07-15 09:04:44'),(72,1,'127.0.0.1','2021-07-16 20:09:57'),(73,1,'127.0.0.1','2021-07-17 22:53:08'),(74,1,'127.0.0.1','2021-07-25 00:08:35'),(75,1,'127.0.0.1','2021-07-25 19:43:14'),(76,1,'127.0.0.1','2021-07-26 07:06:20'),(77,1,'127.0.0.1','2021-07-27 17:13:47'),(78,1,'127.0.0.1','2021-07-28 17:30:46'),(79,1,'127.0.0.1','2021-07-29 08:33:42'),(80,1,'127.0.0.1','2021-07-29 19:38:39'),(81,1,'127.0.0.1','2021-08-02 19:22:01'),(82,1,'127.0.0.1','2022-02-21 21:19:58'),(83,1,'127.0.0.1','2022-02-27 22:16:36'),(84,1,'127.0.0.1','2022-04-11 17:27:55'),(85,1,'127.0.0.1','2022-04-12 19:41:45'),(86,1,'127.0.0.1','2022-04-13 00:57:38'),(87,1,'127.0.0.1','2022-04-13 11:52:32'),(88,1,'127.0.0.1','2022-04-13 15:56:43'),(89,1,'127.0.0.1','2022-04-14 18:14:04'),(90,1,'127.0.0.1','2022-04-14 22:53:42'),(91,1,'127.0.0.1','2022-04-15 07:07:45'),(92,1,'127.0.0.1','2022-04-18 07:04:13'),(93,1,'127.0.0.1','2022-04-19 16:53:42'),(94,1,'127.0.0.1','2022-04-20 17:20:43'),(95,1,'127.0.0.1','2022-04-22 20:36:53'),(96,1,'127.0.0.1','2022-04-26 09:47:35'),(97,1,'127.0.0.1','2022-05-13 20:48:53'),(98,1,'127.0.0.1','2022-07-21 09:07:38');

#
# Structure for table "admins"
#

CREATE TABLE `admins` (
  `id` bigint(20) unsigned NOT NULL AUTO_INCREMENT,
  `username` varchar(255) COLLATE utf8mb4_unicode_ci NOT NULL,
  `password` varchar(255) COLLATE utf8mb4_unicode_ci NOT NULL,
  `full_name` varchar(255) COLLATE utf8mb4_unicode_ci NOT NULL,
  `level` enum('Developer','Admin') COLLATE utf8mb4_unicode_ci NOT NULL DEFAULT 'Admin',
  `status` enum('0','1') COLLATE utf8mb4_unicode_ci NOT NULL DEFAULT '1',
  PRIMARY KEY (`id`)
) ENGINE=InnoDB AUTO_INCREMENT=2 DEFAULT CHARSET=utf8mb4 COLLATE=utf8mb4_unicode_ci ROW_FORMAT=DYNAMIC;

#
# Data for table "admins"
#

INSERT INTO `admins` VALUES (1,'demoadmin','$2y$10$K5K3Mlg89HwfK6sxs3haTOlwsr5Y6xIK5n056opAs9JTTQnWTNPb.','Demo Admin','Admin','1');

#
# Structure for table "bank_accounts"
#

CREATE TABLE `bank_accounts` (
  `id` bigint(20) unsigned NOT NULL AUTO_INCREMENT,
  `name` varchar(255) COLLATE utf8mb4_unicode_ci NOT NULL,
  `username` varchar(255) COLLATE utf8mb4_unicode_ci DEFAULT NULL,
  `password` varchar(255) COLLATE utf8mb4_unicode_ci DEFAULT NULL,
  `rekening` varchar(255) COLLATE utf8mb4_unicode_ci NOT NULL,
  `token` text COLLATE utf8mb4_unicode_ci DEFAULT NULL,
  PRIMARY KEY (`id`)
) ENGINE=InnoDB AUTO_INCREMENT=2 DEFAULT CHARSET=utf8mb4 COLLATE=utf8mb4_unicode_ci ROW_FORMAT=DYNAMIC;

#
# Data for table "bank_accounts"
#

INSERT INTO `bank_accounts` VALUES (1,'Bca','','','0111979684','');

#
# Structure for table "bank_mutations"
#

CREATE TABLE `bank_mutations` (
  `id` bigint(20) unsigned NOT NULL AUTO_INCREMENT,
  `bank` varchar(255) COLLATE utf8mb4_unicode_ci NOT NULL,
  `amount` double NOT NULL,
  `balance` double NOT NULL,
  `note` text COLLATE utf8mb4_unicode_ci NOT NULL,
  `is_read` enum('0','1') COLLATE utf8mb4_unicode_ci NOT NULL DEFAULT '0',
  `transaction_at` date DEFAULT NULL,
  `created_at` timestamp NOT NULL DEFAULT current_timestamp(),
  `updated_at` timestamp NOT NULL DEFAULT current_timestamp(),
  PRIMARY KEY (`id`)
) ENGINE=InnoDB DEFAULT CHARSET=utf8mb4 COLLATE=utf8mb4_unicode_ci ROW_FORMAT=DYNAMIC;

#
# Data for table "bank_mutations"
#


#
# Structure for table "deposit_methods"
#

CREATE TABLE `deposit_methods` (
  `id` bigint(20) unsigned NOT NULL AUTO_INCREMENT,
  `payment` enum('Transfer','E-Money','Virtual Account','Retail') COLLATE utf8mb4_unicode_ci NOT NULL DEFAULT 'Transfer',
  `type` enum('Auto','Manual','Direct') COLLATE utf8mb4_unicode_ci NOT NULL,
  `name` varchar(255) COLLATE utf8mb4_unicode_ci NOT NULL,
  `note` text COLLATE utf8mb4_unicode_ci NOT NULL,
  `rate` double NOT NULL,
  `min` double NOT NULL,
  `status` enum('0','1') COLLATE utf8mb4_unicode_ci NOT NULL DEFAULT '1',
  `api_id` varchar(50) COLLATE utf8mb4_unicode_ci DEFAULT NULL,
  `api_url` varchar(255) COLLATE utf8mb4_unicode_ci DEFAULT NULL,
  `api_public` varchar(255) COLLATE utf8mb4_unicode_ci DEFAULT NULL,
  `api_private` varchar(255) COLLATE utf8mb4_unicode_ci DEFAULT NULL,
  `merchant` varchar(255) COLLATE utf8mb4_unicode_ci DEFAULT NULL,
  `merchant_code` varchar(50) COLLATE utf8mb4_unicode_ci DEFAULT NULL,
  `rek` varchar(100) COLLATE utf8mb4_unicode_ci DEFAULT NULL,
  `rek_name` varchar(100) COLLATE utf8mb4_unicode_ci DEFAULT NULL,
  PRIMARY KEY (`id`)
) ENGINE=InnoDB AUTO_INCREMENT=19 DEFAULT CHARSET=utf8mb4 COLLATE=utf8mb4_unicode_ci ROW_FORMAT=DYNAMIC;

#
# Data for table "deposit_methods"
#

INSERT INTO `deposit_methods` VALUES (12,'Virtual Account','Auto','Virtual Account Bca','<p>Transfer virtual account<br></p>',1,10000,'1','T10701','https://tripay.co.id/api-sandbox/transaction/create','mKBqeNKBUsVjrrS6jMjInLnrsbsKAr63Pmq4Xfi5','twjn5-PUVjg-qnfZq-OmTKi-LPgHc','bca','BCAVA','',''),(13,'Retail','Auto','Alfamart','<p>Alfa</p>',2,10000,'1','T10701','https://tripay.co.id/api-sandbox/transaction/create','mKBqeNKBUsVjrrS6jMjInLnrsbsKAr63Pmq4Xfi5','twjn5-PUVjg-qnfZq-OmTKi-LPgHc','bni','ALFAMART','',''),(14,'Retail','Auto','Alfamidi','<p>alfamidi</p>',4,10000,'1','T10701','https://tripay.co.id/api-sandbox/transaction/create','mKBqeNKBUsVjrrS6jMjInLnrsbsKAr63Pmq4Xfi5','twjn5-PUVjg-qnfZq-OmTKi-LPgHc','alfamidi','ALFAMIDI','',''),(15,'Retail','Auto','Indomaret','<p>indo</p>',5,10000,'1','T10701','https://tripay.co.id/api-sandbox/transaction/create','mKBqeNKBUsVjrrS6jMjInLnrsbsKAr63Pmq4Xfi5','twjn5-PUVjg-qnfZq-OmTKi-LPgHc','indomaret','INDOMARET','',''),(16,'E-Money','Auto','Gopay','<p>QIRS C</p>',7,10000,'1','T10701','https://tripay.co.id/api-sandbox/transaction/create','mKBqeNKBUsVjrrS6jMjInLnrsbsKAr63Pmq4Xfi5','twjn5-PUVjg-qnfZq-OmTKi-LPgHc','gopay','QRISC','',''),(17,'E-Money','Auto','Shopypay','<p>qirs cs</p>',8,10000,'1','T10701','https://tripay.co.id/api-sandbox/transaction/create','mKBqeNKBUsVjrrS6jMjInLnrsbsKAr63Pmq4Xfi5','twjn5-PUVjg-qnfZq-OmTKi-LPgHc','shoopepay','QRISC','',''),(18,'Transfer','Auto','asdfasfd','<p>asfasdfsdf<br></p>',1,10000,'1','T9006','https://tripay.co.id/api/transaction/create','DEV-qLUgZhWZsNBmsvWY4uX2NIWsgHRhTOGYWryluIvG','yoz7z-Sjb9W-qBEwY-IOyqg-HhOxu','bca','INDOMARET','2290458521','Dewi Fortuna');

#
# Structure for table "deposits"
#

CREATE TABLE `deposits` (
  `id` bigint(20) unsigned NOT NULL AUTO_INCREMENT,
  `user_id` bigint(20) unsigned NOT NULL,
  `deposit_method_id` bigint(20) unsigned NOT NULL,
  `deposit_method_name` varchar(255) COLLATE utf8mb4_unicode_ci DEFAULT NULL,
  `amount` double NOT NULL,
  `balance` double NOT NULL,
  `phone_number` varchar(255) COLLATE utf8mb4_unicode_ci DEFAULT NULL,
  `status` enum('Pending','Success','Canceled') COLLATE utf8mb4_unicode_ci NOT NULL DEFAULT 'Pending',
  `ip_address` varchar(45) COLLATE utf8mb4_unicode_ci DEFAULT NULL,
  `created_at` timestamp NOT NULL DEFAULT current_timestamp(),
  `updated_at` timestamp NOT NULL DEFAULT current_timestamp(),
  `qr_image` varchar(255) COLLATE utf8mb4_unicode_ci DEFAULT NULL,
  `server_note` text COLLATE utf8mb4_unicode_ci DEFAULT NULL,
  `pay_code` varchar(100) COLLATE utf8mb4_unicode_ci DEFAULT NULL,
  PRIMARY KEY (`id`)
) ENGINE=InnoDB AUTO_INCREMENT=10 DEFAULT CHARSET=utf8mb4 COLLATE=utf8mb4_unicode_ci ROW_FORMAT=DYNAMIC;

#
# Data for table "deposits"
#

INSERT INTO `deposits` VALUES (1,2,12,'Virtual Account Bca',500000,500000,NULL,'Pending','127.0.0.1','2022-04-07 22:37:37','2022-04-07 22:37:37',NULL,NULL,NULL),(2,2,12,'Virtual Account Bca',500000,500000,NULL,'Pending','127.0.0.1','2022-04-07 22:47:57','2022-04-07 22:47:57',NULL,'[{\"title\":\"Internet Banking\",\"steps\":[\"Login ke internet banking klikbca Anda\",\"Pilih menu <b>Transfer Dana<\\/b> lalu pilih <b>Transfer ke BCA Virtual Account<\\/b>\",\"Pilih <b>Dari Rekening<\\/b>\",\"Masukkan Nomor VA (<b>140932122760<\\/b>) lalu klik <b>Lanjutkan<\\/b>\",\"Detail transaksi akan ditampilkan, pastikan data sudah sesuai lalu masukkan respon <b>Key BCA Appli 1<\\/b>\",\"Klik <b>Kirim<\\/b>\",\"Transaksi sukses, simpan bukti transaksi Anda\"]},{\"title\":\"Mobile Banking\",\"steps\":[\"Login pada aplikasi BCA mobile\",\"Pilih <b>m-BCA<\\/b> masukkan kode akses m-BCA\",\"Pilih <b>m-Transfer<\\/b>\",\"Pilih <b>BCA Virtual Account<\\/b>\",\"Masukkan Nomor VA (<b>140932122760<\\/b>) lalu klik <b>OK<\\/b>\",\"Konfirmasi no virtual account dan rekening pendebetan\",\"Periksa kembalian rincian pembayaran anda, lalu klik <b>Ya<\\/b>\",\"Masukkan pin m-BCA\",\"Pembayaran Selesai\"]},{\"title\":\"ATM BCA\",\"steps\":[\"Masukkan kartu ATM BCA & PIN\",\"Pilih menu <b>Transaksi Lainnya > Transfer > Ke Rekening BCA Virtual Account<\\/b>\",\"Masukkan Nomor VA (<b>140932122760<\\/b>)\",\"Di halaman konfirmasi, pastikan detail pembayaran sudah sesuai seperti Nomor VA, Nama, Produk dan Total Tagihan\",\"Jika sudah benar, klik <b>Ya<\\/b>\",\"Simpan struk transaksi sebagai bukti pembayaran\"]}]','140932122760'),(3,2,16,'Gopay',200000,1400000,NULL,'Pending','127.0.0.1','2022-04-07 23:04:51','2022-04-07 23:04:51','https://tripay.co.id/qr/T107012122850WHOSH','[{\"title\":\"Pembayaran via QRIS\",\"steps\":[\"Masuk ke aplikasi dompet digital Anda yang telah mendukung QRIS\",\"Pindai\\/Scan QR Code yang tersedia\",\"Akan muncul detail transaksi. Pastikan data transaksi sudah sesuai\",\"Selesaikan proses pembayaran Anda\",\"Transaksi selesai. Simpan bukti pembayaran Anda\"]},{\"title\":\"Pembayaran via QRIS (Mobile)\",\"steps\":[\"Download QR Code pada invoice\",\"Masuk ke aplikasi dompet digital Anda yang telah mendukung QRIS\",\"Upload QR Code yang telah di download tadi\",\"Akan muncul detail transaksi. Pastikan data transaksi sudah sesuai\",\"Selesaikan proses pembayaran Anda\",\"Transaksi selesai. Simpan bukti pembayaran Anda\"]}]',NULL),(4,1,12,'Virtual Account Bca',500000,500000,NULL,'Pending','127.0.0.1','2022-04-07 23:16:05','2022-04-07 23:16:05',NULL,'[{\"title\":\"Internet Banking\",\"steps\":[\"Login ke internet banking klikbca Anda\",\"Pilih menu <b>Transfer Dana<\\/b> lalu pilih <b>Transfer ke BCA Virtual Account<\\/b>\",\"Pilih <b>Dari Rekening<\\/b>\",\"Masukkan Nomor VA (<b>140932122905<\\/b>) lalu klik <b>Lanjutkan<\\/b>\",\"Detail transaksi akan ditampilkan, pastikan data sudah sesuai lalu masukkan respon <b>Key BCA Appli 1<\\/b>\",\"Klik <b>Kirim<\\/b>\",\"Transaksi sukses, simpan bukti transaksi Anda\"]},{\"title\":\"Mobile Banking\",\"steps\":[\"Login pada aplikasi BCA mobile\",\"Pilih <b>m-BCA<\\/b> masukkan kode akses m-BCA\",\"Pilih <b>m-Transfer<\\/b>\",\"Pilih <b>BCA Virtual Account<\\/b>\",\"Masukkan Nomor VA (<b>140932122905<\\/b>) lalu klik <b>OK<\\/b>\",\"Konfirmasi no virtual account dan rekening pendebetan\",\"Periksa kembalian rincian pembayaran anda, lalu klik <b>Ya<\\/b>\",\"Masukkan pin m-BCA\",\"Pembayaran Selesai\"]},{\"title\":\"ATM BCA\",\"steps\":[\"Masukkan kartu ATM BCA & PIN\",\"Pilih menu <b>Transaksi Lainnya > Transfer > Ke Rekening BCA Virtual Account<\\/b>\",\"Masukkan Nomor VA (<b>140932122905<\\/b>)\",\"Di halaman konfirmasi, pastikan detail pembayaran sudah sesuai seperti Nomor VA, Nama, Produk dan Total Tagihan\",\"Jika sudah benar, klik <b>Ya<\\/b>\",\"Simpan struk transaksi sebagai bukti pembayaran\"]}]','140932122905'),(5,1,16,'Gopay',100000,700000,NULL,'Canceled','127.0.0.1','2022-04-19 08:28:32','2022-04-19 08:28:32',NULL,NULL,NULL),(8,5,17,NULL,100000,100000,NULL,'Success',NULL,'2022-04-19 16:59:19','2022-04-19 16:59:19',NULL,NULL,NULL),(9,4,15,NULL,10000,10000,NULL,'Success',NULL,'2022-04-19 17:00:25','2022-04-19 17:00:25',NULL,NULL,NULL);

#
# Structure for table "exchange_points"
#

CREATE TABLE `exchange_points` (
  `id` bigint(20) unsigned NOT NULL AUTO_INCREMENT,
  `user_id` bigint(20) unsigned NOT NULL,
  `amount` double NOT NULL,
  `ip_address` varchar(45) COLLATE utf8mb4_unicode_ci DEFAULT NULL,
  `created_at` timestamp NOT NULL DEFAULT current_timestamp(),
  `updated_at` timestamp NOT NULL DEFAULT current_timestamp(),
  PRIMARY KEY (`id`)
) ENGINE=InnoDB DEFAULT CHARSET=utf8mb4 COLLATE=utf8mb4_unicode_ci ROW_FORMAT=DYNAMIC;

#
# Data for table "exchange_points"
#


#
# Structure for table "failed_jobs"
#

CREATE TABLE `failed_jobs` (
  `id` bigint(20) unsigned NOT NULL AUTO_INCREMENT,
  `connection` text COLLATE utf8mb4_unicode_ci NOT NULL,
  `queue` text COLLATE utf8mb4_unicode_ci NOT NULL,
  `payload` longtext COLLATE utf8mb4_unicode_ci NOT NULL,
  `exception` longtext COLLATE utf8mb4_unicode_ci NOT NULL,
  `failed_at` timestamp NOT NULL DEFAULT current_timestamp(),
  PRIMARY KEY (`id`)
) ENGINE=InnoDB DEFAULT CHARSET=utf8mb4 COLLATE=utf8mb4_unicode_ci ROW_FORMAT=DYNAMIC;

#
# Data for table "failed_jobs"
#


#
# Structure for table "migrations"
#

CREATE TABLE `migrations` (
  `id` int(10) unsigned NOT NULL AUTO_INCREMENT,
  `migration` varchar(255) COLLATE utf8mb4_unicode_ci NOT NULL,
  `batch` int(11) NOT NULL,
  PRIMARY KEY (`id`)
) ENGINE=InnoDB AUTO_INCREMENT=96 DEFAULT CHARSET=utf8mb4 COLLATE=utf8mb4_unicode_ci ROW_FORMAT=DYNAMIC;

#
# Data for table "migrations"
#

INSERT INTO `migrations` VALUES (9,'2014_10_12_100000_create_password_resets_table',1),(10,'2019_08_19_000000_create_failed_jobs_table',1),(13,'2020_08_17_192500_create_delton_table',2),(19,'2020_08_20_105917_create_apis_table',3),(24,'2020_08_20_113139_create_providers_table',4),(26,'2020_08_21_090607_create_admins_table',6),(28,'2020_08_23_054504_create_admin_login_logs_table',7),(29,'2020_08_23_071856_create_website_configs_table',8),(40,'2020_08_20_111207_create_products_table',13),(46,'2020_08_24_211336_create_deposit_methods_table',15),(48,'2020_08_24_135134_create_order_bonuses_table',16),(50,'2020_08_25_124540_create_deposits_table',17),(53,'2020_08_25_150856_create_balance_logs_table',18),(56,'2020_08_26_122501_create_register_logs_table',21),(57,'2020_08_25_191200_create_tickets_table',22),(58,'2020_08_25_194121_create_ticket_replies_table',22),(60,'2020_08_26_135413_create_user_login_logs_table',23),(64,'2020_08_26_220524_create_information_table',27),(65,'2020_08_26_224815_create_pages_table',28),(70,'2020_08_11_232357_create_categories_table',29),(71,'2020_08_17_192540_create_sub_categories_table',29),(72,'2014_10_12_000000_create_users_table',30),(75,'2020_09_08_013954_create_cookies_table',31),(77,'2020_09_10_055436_create_services_table',32),(78,'2020_09_10_224822_create_custom_prices_table',33),(79,'2020_08_24_133452_create_orders_table',34),(80,'2020_10_06_023337_create_bank_mutations_table',35),(84,'2020_10_06_031508_create_bank_accounts_table',36),(89,'2020_12_20_061836_create_activate_accounts_table',37),(90,'2020_12_04_031718_create_surveys_table',38),(91,'2020_12_05_084110_create_survey_questions_table',38),(92,'2020_12_05_201115_create_survey_answers_table',38),(93,'2020_12_06_154158_create_leads_table',38),(94,'2021_01_12_191436_create_user_notifications_table',38),(95,'2021_01_12_191544_create_admin_notifications_table',38);

#
# Structure for table "order_bonuses"
#

CREATE TABLE `order_bonuses` (
  `id` bigint(20) unsigned NOT NULL AUTO_INCREMENT,
  `user_id` bigint(20) unsigned NOT NULL,
  `order_id` bigint(20) unsigned NOT NULL,
  `amount` double NOT NULL,
  `note` text COLLATE utf8mb4_unicode_ci NOT NULL,
  `is_sent` enum('0','1') COLLATE utf8mb4_unicode_ci NOT NULL DEFAULT '0',
  `created_at` timestamp NOT NULL DEFAULT current_timestamp(),
  `updated_at` timestamp NOT NULL DEFAULT current_timestamp(),
  PRIMARY KEY (`id`)
) ENGINE=InnoDB DEFAULT CHARSET=utf8mb4 COLLATE=utf8mb4_unicode_ci ROW_FORMAT=DYNAMIC;

#
# Data for table "order_bonuses"
#


#
# Structure for table "orders"
#

CREATE TABLE `orders` (
  `id` bigint(20) unsigned NOT NULL AUTO_INCREMENT,
  `user_id` bigint(20) unsigned NOT NULL,
  `product_id` bigint(20) unsigned NOT NULL,
  `nickname` varchar(255) COLLATE utf8mb4_unicode_ci DEFAULT NULL,
  `target` varchar(255) COLLATE utf8mb4_unicode_ci NOT NULL,
  `target_server` varchar(100) COLLATE utf8mb4_unicode_ci DEFAULT NULL,
  `serial_number` text COLLATE utf8mb4_unicode_ci NOT NULL,
  `price` double NOT NULL,
  `profit` double NOT NULL,
  `profit_level` double NOT NULL DEFAULT 0,
  `bonus` double NOT NULL,
  `status` enum('Pending','Success','Error','Partial') COLLATE utf8mb4_unicode_ci NOT NULL DEFAULT 'Pending',
  `provider_id` bigint(20) unsigned NOT NULL,
  `provider_order_id` varchar(255) COLLATE utf8mb4_unicode_ci NOT NULL,
  `is_api` enum('0','1') COLLATE utf8mb4_unicode_ci NOT NULL DEFAULT '0',
  `is_refund` enum('0','1') COLLATE utf8mb4_unicode_ci NOT NULL DEFAULT '0',
  `is_bonus` enum('0','1') COLLATE utf8mb4_unicode_ci NOT NULL DEFAULT '0',
  `ip_address` varchar(45) COLLATE utf8mb4_unicode_ci NOT NULL,
  `provider_order_log` text COLLATE utf8mb4_unicode_ci DEFAULT NULL,
  `provider_status_log` text COLLATE utf8mb4_unicode_ci DEFAULT NULL,
  `provider_updated_at` timestamp NOT NULL DEFAULT current_timestamp(),
  `created_at` timestamp NOT NULL DEFAULT current_timestamp(),
  `updated_at` timestamp NOT NULL DEFAULT current_timestamp(),
  PRIMARY KEY (`id`)
) ENGINE=InnoDB DEFAULT CHARSET=utf8mb4 COLLATE=utf8mb4_unicode_ci ROW_FORMAT=DYNAMIC;

#
# Data for table "orders"
#


#
# Structure for table "penarikans"
#

CREATE TABLE `penarikans` (
  `id` int(11) NOT NULL AUTO_INCREMENT,
  `user_id` int(11) DEFAULT NULL,
  `amount` int(11) DEFAULT NULL,
  `bank` varchar(50) DEFAULT NULL,
  `rekening` varchar(100) DEFAULT NULL,
  `nama` varchar(100) DEFAULT NULL,
  `status` enum('Pending','Sukses') DEFAULT 'Pending',
  `created_at` timestamp NULL DEFAULT current_timestamp(),
  `updated_at` timestamp NULL DEFAULT NULL ON UPDATE current_timestamp(),
  `jenis` enum('Balance','Bonus') DEFAULT 'Balance',
  PRIMARY KEY (`id`)
) ENGINE=InnoDB AUTO_INCREMENT=4 DEFAULT CHARSET=latin1;

#
# Data for table "penarikans"
#

INSERT INTO `penarikans` VALUES (1,1,30000,'BCA','123123123','farid','Sukses','2022-04-14 18:10:12','2022-04-14 18:45:02','Balance'),(2,1,40000,'BCA','0111979684','asjdkfjksfd','Sukses','2022-04-15 10:16:12','2022-04-15 10:23:43','Balance'),(3,1,190000,'BCA','0111979684','dirgantara lagi bos','Pending','2022-05-13 20:48:25',NULL,'Bonus');

#
# Structure for table "post_categories"
#

CREATE TABLE `post_categories` (
  `id` int(11) NOT NULL AUTO_INCREMENT,
  `name` varchar(100) DEFAULT NULL,
  `slug` varchar(255) DEFAULT NULL,
  PRIMARY KEY (`id`)
) ENGINE=InnoDB AUTO_INCREMENT=26 DEFAULT CHARSET=latin1;

#
# Data for table "post_categories"
#

INSERT INTO `post_categories` VALUES (1,'Mathematics','mathematics'),(2,'History','history'),(4,'English','english'),(5,'Biology','biology'),(6,'Chemistry','chemistry'),(8,'Physics','physics'),(9,'Social Studies','social-studies'),(11,'Advanced Placement (AP)','advanced-placement'),(12,'SAT','sat'),(14,'Geography','geography'),(15,'Health','health'),(16,'Arts','arts'),(17,'Business','business'),(18,'Computers and Technology','computers-andtechnology'),(19,'French','french'),(20,'German','german'),(21,'Spanish','spanish'),(22,'World Languages','world-languages'),(23,'Medicine','medicine'),(24,'Law','law'),(25,'Engineering','engineering');

#
# Structure for table "posting_answers"
#

CREATE TABLE `posting_answers` (
  `id` int(11) NOT NULL AUTO_INCREMENT,
  `posting_id` int(11) DEFAULT NULL,
  `user_id` int(11) DEFAULT NULL,
  `jawaban` longtext DEFAULT NULL,
  `created_at` timestamp NULL DEFAULT current_timestamp(),
  `updated_at` timestamp NULL DEFAULT NULL ON UPDATE current_timestamp(),
  `ip_address` varchar(50) DEFAULT NULL,
  `gambar` varchar(255) DEFAULT NULL,
  PRIMARY KEY (`id`)
) ENGINE=InnoDB AUTO_INCREMENT=5 DEFAULT CHARSET=latin1;

#
# Data for table "posting_answers"
#

INSERT INTO `posting_answers` VALUES (1,12,1,'<p>asdfasdf asdfas <b>dfasdf&nbsp; asdf asdf asdf</b><br></p>','2022-04-10 21:54:23',NULL,'127.0.0.1',NULL),(2,11,2,'<p>bagu juga soalnya<br></p>','2022-04-11 09:11:43',NULL,'127.0.0.1','1649643103.png'),(3,10,2,'<p>asdf asdf asdfsadf<br></p>','2022-04-15 07:10:52',NULL,'127.0.0.1',''),(4,10,2,'<p>asdf asf sadf sadf<br></p>','2022-05-13 20:55:54',NULL,'127.0.0.1','');

#
# Structure for table "posting_lapors"
#

CREATE TABLE `posting_lapors` (
  `id` int(11) NOT NULL AUTO_INCREMENT,
  `user_id` int(11) DEFAULT NULL,
  `posting_id` int(11) DEFAULT NULL,
  `status` int(11) DEFAULT 0,
  `created_at` timestamp NULL DEFAULT current_timestamp(),
  PRIMARY KEY (`id`)
) ENGINE=InnoDB AUTO_INCREMENT=2 DEFAULT CHARSET=latin1;

#
# Data for table "posting_lapors"
#

INSERT INTO `posting_lapors` VALUES (1,1,12,0,'2022-04-12 21:48:11');

#
# Structure for table "posting_replays"
#

CREATE TABLE `posting_replays` (
  `id` int(11) NOT NULL AUTO_INCREMENT,
  `answer_id` int(11) DEFAULT NULL,
  `user_id` int(11) DEFAULT NULL,
  `jawaban` longtext DEFAULT NULL,
  `created_at` timestamp NULL DEFAULT current_timestamp(),
  `updated_at` timestamp NULL DEFAULT NULL ON UPDATE current_timestamp(),
  `ip_address` varchar(50) DEFAULT NULL,
  `gambar` varchar(255) DEFAULT NULL,
  PRIMARY KEY (`id`)
) ENGINE=InnoDB AUTO_INCREMENT=20 DEFAULT CHARSET=latin1;

#
# Data for table "posting_replays"
#

INSERT INTO `posting_replays` VALUES (1,4,1,NULL,'2022-05-13 21:18:04',NULL,'127.0.0.1',NULL),(2,4,1,'asdfasfdbasdf adf asf','2022-05-13 21:18:41',NULL,'127.0.0.1',NULL),(3,3,1,'asdfasfdbasdf adf asf','2022-05-13 21:20:12',NULL,'127.0.0.1',NULL),(4,3,1,'asdfasfdbasdf adf asf','2022-05-13 21:21:15',NULL,'127.0.0.1',NULL),(5,4,1,'asdfasfdbasdf adf asf','2022-05-13 21:22:03',NULL,'127.0.0.1',NULL),(6,3,1,'asdfasfdbasdf adf asf','2022-05-13 21:22:18',NULL,'127.0.0.1',NULL),(7,3,1,'ggggggggggggggggggggg','2022-05-13 21:53:13',NULL,'127.0.0.1',NULL),(8,3,2,'fdsg asdf sadf  fsadf sdf asdf asdf  sdf','2022-05-13 21:58:15',NULL,'127.0.0.1',NULL),(9,3,2,'fdsg asdf sadf  fsadf sdf asdf asdf  sdf','2022-05-13 21:58:23',NULL,'127.0.0.1',NULL),(10,3,2,'fdsg asdf sadf  fsadf sdf asdf asdf  sdfs dfgsdfg sdfg sdfg sdfg sdfg sdfg','2022-05-13 21:58:32',NULL,'127.0.0.1',NULL),(11,3,2,'fdsg asdf sadf  fsadf sdf asdf asdf  sdfs dfgsdfg sdfg sdfg sdfg sdfg sdfg','2022-05-13 21:58:37',NULL,'127.0.0.1',NULL),(12,3,2,'fdsg asdf sadf  fsadf sdf asdf asdf  sdfs dfgsdfg sdfg sdfg sdfg sdfg sdfg','2022-05-13 21:58:50',NULL,'127.0.0.1',NULL),(13,3,2,'fdsg asdf sadf  fsadf sdf asdf asdf  sdfs dfgsdfg sdfg sdfg sdfg sdfg sdfg','2022-05-13 21:58:55',NULL,'127.0.0.1',NULL),(14,3,2,'fdsg asdf sadf  fsadf sdf asdf asdf  sdfs dfgsdfg sdfg sdfg sdfg sdfg sdfg','2022-05-13 21:59:01',NULL,'127.0.0.1',NULL),(15,3,2,'fdsg asdf sadf  fsadf sdf asdf asdf  sdfs dfgsdfg sdfg sdfg sdfg sdfg sdfg','2022-05-13 21:59:05',NULL,'127.0.0.1',NULL),(16,3,1,'sdfg sdf gsdf gsdfg sdfg sdfgsdfg sdfg sdfg','2022-05-13 21:59:46',NULL,'127.0.0.1',NULL),(17,3,1,'sdfg sdf gsdf gsdfg sdfg sdfgsdfg sdfg sdfg','2022-05-13 21:59:53',NULL,'127.0.0.1',NULL),(18,3,1,'sdfg sdf gsdf gsdfg sdfg sdfgsdfg sdfg sdfg','2022-05-13 22:00:01',NULL,'127.0.0.1',NULL),(19,3,1,'sdfg sdf gsdf gsdfg sdfg sdfgsdfg sdfg sdfg','2022-05-13 22:00:20',NULL,'127.0.0.1',NULL);

#
# Structure for table "postings"
#

CREATE TABLE `postings` (
  `id` int(11) NOT NULL AUTO_INCREMENT,
  `user_id` int(11) DEFAULT NULL,
  `konten` longtext CHARACTER SET utf8 DEFAULT NULL,
  `gambar` varchar(255) DEFAULT NULL,
  `category_id` int(11) DEFAULT NULL,
  `point` int(11) DEFAULT 0,
  `baca` int(11) DEFAULT 0,
  `userbaca` text DEFAULT NULL,
  `ip_address` varchar(50) DEFAULT NULL,
  `created_at` timestamp NULL DEFAULT current_timestamp(),
  `updated_at` timestamp NULL DEFAULT NULL ON UPDATE current_timestamp(),
  `jawab` int(10) DEFAULT 0,
  PRIMARY KEY (`id`)
) ENGINE=InnoDB AUTO_INCREMENT=11 DEFAULT CHARSET=latin1;

#
# Data for table "postings"
#

INSERT INTO `postings` VALUES (2,1,'Terjemahkan kedalam bahasa Indonesiaما ذ ا أ بو ك؟ حو يع له ا امر ضى​',NULL,13,5,4,'','127.0.0.1','2022-02-23 22:02:48','2022-05-04 16:20:23',0),(3,1,'Apa yang Saudara simpulkan dari perdebatan panjang antara golongan nasionalis dan golongan Islam pada saat perumusan dan pembahasan Pancasila baik di BPUPKI, PPKI maupun di Badan Konstituante ?​',NULL,8,5,32,'[1]','127.0.0.1','2022-02-23 22:17:03','2022-05-13 20:51:01',0),(4,1,'Kamboja memiliki 5 pemerintahan lokal dengan ibukota​',NULL,10,5,3,'','127.0.0.1','2022-03-13 23:00:25','2022-04-20 17:48:01',0),(5,1,'perusahaan HP memproduksi 3 jenis HP, OPPO biaya produksi 800.000 NOKIA biaya produksi 900.000 MITO biaya produksi 1.000.000 harga jual',NULL,10,5,34,'[1]','127.0.0.1','2022-03-13 23:01:28','2022-05-13 20:51:04',1),(8,1,'asdf sdfa sdfasdf sdfa sdfasdf sdfa sdfasdf sdfa sdfasdf sdfa sdfasdf sdfa sdfasdf sdfa sdfasdf sdfa sdfasdf sdfa sdfasdf sdfa sdfasdf sdfa sdf',NULL,1,5,28,'[1]','127.0.0.1','2022-03-25 17:03:11','2022-05-13 21:59:30',0),(10,1,'<p>You can get the <em>file name</em>, but you cannot get the full client file-system path.</p>\r\n\r\n<p>Try to access to the <code>value</code> attribute of your file <code>input</code> on the <code>change</code> event.</p>\r\n\r\n<p>Most browsers will give you only the <em>file name</em>, but there are exceptions like IE8 which will give you a <em>fake</em> path like: <code>\"C:\\fakepath\\myfile.ext\"</code> and older versions (<em>IE &lt;= 6</em>) which actually will give you the full client file-system path (due its lack of security).</p>',NULL,1,5,97,'','127.0.0.1','2022-03-28 21:30:22','2022-05-13 22:00:22',0);

#
# Structure for table "project_bid_messages"
#

CREATE TABLE `project_bid_messages` (
  `id` int(11) NOT NULL AUTO_INCREMENT,
  `project_id` int(11) DEFAULT NULL,
  `user_id` int(11) DEFAULT NULL,
  `message` text DEFAULT NULL,
  `created_at` timestamp NULL DEFAULT current_timestamp(),
  `tipe` int(11) DEFAULT 0,
  `status` enum('Pending','Dimoderasi','Cancel','Ended') DEFAULT 'Pending',
  PRIMARY KEY (`id`)
) ENGINE=InnoDB AUTO_INCREMENT=20 DEFAULT CHARSET=latin1;

#
# Data for table "project_bid_messages"
#

INSERT INTO `project_bid_messages` VALUES (14,7,2,'<p>saya sudah berpengalaman<br></p>','2022-04-13 18:20:27',0,'Pending'),(15,7,1,'<p>asdfasfd asdf <br></p>','2022-04-15 07:06:39',0,'Pending'),(16,7,2,'aaa','2022-04-15 08:11:03',1,'Pending'),(17,7,1,'asfasfasdfasfd','2022-04-15 08:16:52',1,'Pending'),(18,7,2,'aaaasdf s sadf asfd','2022-04-15 08:17:12',1,'Pending'),(19,9,2,'<p>saya bisa<br></p>','2022-04-26 07:53:03',0,'Pending');

#
# Structure for table "project_bids"
#

CREATE TABLE `project_bids` (
  `id` int(11) NOT NULL AUTO_INCREMENT,
  `project_id` int(11) DEFAULT NULL,
  `user_id` int(11) DEFAULT NULL,
  `amount` int(11) DEFAULT 0,
  `status` enum('Active','Cancel','Approve','Finish','Ended','Gugatan') DEFAULT 'Active',
  `created_at` timestamp NULL DEFAULT current_timestamp(),
  `updated_at` timestamp NULL DEFAULT NULL ON UPDATE current_timestamp(),
  `keterangan` text DEFAULT NULL,
  PRIMARY KEY (`id`)
) ENGINE=InnoDB AUTO_INCREMENT=6 DEFAULT CHARSET=latin1;

#
# Data for table "project_bids"
#

INSERT INTO `project_bids` VALUES (4,7,2,200000,'Ended','2022-04-13 18:20:27','2022-04-15 08:19:10',NULL),(5,9,2,120000,'Active','2022-04-26 07:53:03',NULL,NULL);

#
# Structure for table "project_categories"
#

CREATE TABLE `project_categories` (
  `id` int(11) NOT NULL AUTO_INCREMENT,
  `name` varchar(255) DEFAULT NULL,
  PRIMARY KEY (`id`)
) ENGINE=InnoDB AUTO_INCREMENT=5 DEFAULT CHARSET=latin1;

#
# Data for table "project_categories"
#

INSERT INTO `project_categories` VALUES (1,'Skripsi'),(2,'Desgin'),(3,'Content Writer'),(4,'salah');

#
# Structure for table "projects"
#

CREATE TABLE `projects` (
  `id` int(11) NOT NULL AUTO_INCREMENT,
  `user_id` varchar(255) DEFAULT NULL,
  `category_id` int(11) DEFAULT NULL,
  `title` varchar(255) DEFAULT NULL,
  `deskripsi` text DEFAULT NULL,
  `file_project` varchar(255) DEFAULT NULL,
  `estimasi` int(11) DEFAULT 0,
  `budget_from` int(11) DEFAULT 0,
  `budget_to` int(11) DEFAULT 0,
  `bidcount` int(11) DEFAULT 0,
  `created_at` timestamp NULL DEFAULT current_timestamp(),
  `updated_at` timestamp NULL DEFAULT NULL ON UPDATE current_timestamp(),
  `project_status` enum('Active','Close','No Action','Cancel','Start','Ended','Pending','Reject') DEFAULT 'Active',
  `reject_note` text DEFAULT NULL,
  `projectbid_id` int(11) DEFAULT NULL,
  `keterangan` text DEFAULT NULL,
  PRIMARY KEY (`id`)
) ENGINE=InnoDB AUTO_INCREMENT=11 DEFAULT CHARSET=latin1;

#
# Data for table "projects"
#

INSERT INTO `projects` VALUES (7,'1',1,'Scrap dataweb ke Excel','<p>Scrape semua&nbsp; data https://rekrutmenbersama.fhcibumn.id/job/ ( Posisi, Perusahaan , Jenjang, kuota, Pendaftar ,Requirement, Educational Background) lowongan ke excel<br></p>',NULL,3,150000,200000,1,'2022-04-13 16:45:41','2022-04-15 08:19:10','Ended',NULL,4,NULL),(8,'1',2,'Membuat Game VR Animasi 3D','<p>Membuat VR Dengan Implementasi VR asli Tampilan Real Seperti Sensasi \r\nMenangkap Pokemon Di Pokemom Go, Detail Bisa Menggunakan Unitiy atau \r\nSejenisnya Untuk development. Deasline 2 Bulan Harus Menyertakan Tim \r\nDesain Animasinya. Diutamakan yang sudah mempunyai pengalaman membangun \r\ngame VR</p>',NULL,30,800000,1000000,0,'2022-04-13 16:46:51','2022-04-13 16:51:51','Reject','tidak bisa gambar admin',NULL,NULL),(9,'1',1,'Penulis Tema Tentang Search Engine Optimization','<p>Penulis&nbsp; tentang Search engine optimization&nbsp;</p><p>1. Apa itu seo</p><p>2. SEO Untuk Usaha dll&nbsp;</p><p><br></p><p>gaya bahasa NON FORMAL ( menjelaskan )</p><p>10 artikel @1000 kata&nbsp;</p><p>1 hari 1 artikel&nbsp;<br></p><p><br></p><p>Artikel Original 100% tidak copy paste , cek via https://1text.com/&nbsp;</p><p>artikel silahkan nanti dieck sendiri di&nbsp;https://1text.com/&nbsp; ,&nbsp;</p><p>WAJIB Original 95%</p><p><br></p><p>PENTING :</p><p></p>',NULL,30,500000,1200000,1,'2022-04-13 16:47:59','2022-04-26 07:53:03','Active',NULL,NULL,NULL),(10,'1',1,'asdfasdfas d','<p>asdf asdfd sasfd asdf asdfd sasfd asdf asdfd sasfd asdf asdfd sasfd</p>',NULL,5,100000,200000,0,'2022-04-15 07:05:15',NULL,'Pending',NULL,NULL,NULL);

#
# Structure for table "socials"
#

CREATE TABLE `socials` (
  `id` int(11) NOT NULL AUTO_INCREMENT,
  `user_id` bigint(3) DEFAULT NULL,
  `provider_name` varchar(255) DEFAULT NULL,
  `provider_id` varchar(255) DEFAULT NULL,
  `created_at` timestamp NULL DEFAULT current_timestamp(),
  `updated_at` timestamp NULL DEFAULT NULL ON UPDATE current_timestamp(),
  PRIMARY KEY (`id`),
  UNIQUE KEY `provider_id` (`provider_id`)
) ENGINE=InnoDB AUTO_INCREMENT=2 DEFAULT CHARSET=latin1;

#
# Data for table "socials"
#

INSERT INTO `socials` VALUES (1,31,'facebook','1331911340565917','2022-03-06 18:03:30',NULL);

#
# Structure for table "ticket_replies"
#

CREATE TABLE `ticket_replies` (
  `id` bigint(20) unsigned NOT NULL AUTO_INCREMENT,
  `user_id` bigint(20) unsigned NOT NULL,
  `ticket_id` bigint(20) unsigned NOT NULL,
  `message` text COLLATE utf8mb4_unicode_ci NOT NULL,
  `sender` enum('User','Admin') COLLATE utf8mb4_unicode_ci NOT NULL DEFAULT 'User',
  `ip_address` varchar(45) COLLATE utf8mb4_unicode_ci DEFAULT NULL,
  `created_at` timestamp NOT NULL DEFAULT current_timestamp(),
  `updated_at` timestamp NOT NULL DEFAULT current_timestamp(),
  PRIMARY KEY (`id`)
) ENGINE=InnoDB AUTO_INCREMENT=16 DEFAULT CHARSET=utf8mb4 COLLATE=utf8mb4_unicode_ci ROW_FORMAT=DYNAMIC;

#
# Data for table "ticket_replies"
#

INSERT INTO `ticket_replies` VALUES (1,58,1,'<p>CEK</p>','Admin','202.67.36.204','2021-07-12 16:46:05','2021-07-12 16:46:05'),(2,38,12345,'tester bos','User','127.0.0.1','2021-07-27 19:23:49','2021-07-27 19:23:49'),(3,38,12345,'<p>ok terimakasih atas perhatiannya<br></p>','Admin','127.0.0.1','2021-07-27 20:20:04','2021-07-27 20:20:04'),(4,38,12345,'ok deh bos kalau goitu','User',NULL,'2021-07-27 21:07:12','2021-07-27 21:07:12'),(5,38,12345,'siap bos','User','127.0.0.1','2021-07-27 21:56:37','2021-07-27 21:56:37'),(6,38,12345,'asdfasdfasdf','User','127.0.0.1','2021-07-27 21:58:52','2021-07-27 21:58:52'),(7,38,12345,'asdfasdfasdf','User','127.0.0.1','2021-07-27 21:58:53','2021-07-27 21:58:53'),(8,38,12345,'asdfasdfasdf','User','127.0.0.1','2021-07-27 21:59:45','2021-07-27 21:59:45'),(9,38,12345,'vvvv kedua','User','127.0.0.1','2021-07-27 21:59:53','2021-07-27 21:59:53'),(10,38,12345,'ketiga','User','127.0.0.1','2021-07-27 22:00:27','2021-07-27 22:00:27'),(11,38,12345,'<p>ok lah<br></p>','Admin','127.0.0.1','2021-07-27 22:05:32','2021-07-27 22:05:32'),(12,38,3,'coba bukin tiket lagi','User','127.0.0.1','2021-07-27 22:09:49','2021-07-27 22:09:49'),(13,38,4,'coba bukin tiket lagi','User','127.0.0.1','2021-07-27 22:11:57','2021-07-27 22:11:57'),(14,38,5,'coba bukin tiket lagi','User','127.0.0.1','2021-07-27 22:13:19','2021-07-27 22:13:19'),(15,38,5,'bos','User','127.0.0.1','2021-07-27 22:13:54','2021-07-27 22:13:54');

#
# Structure for table "tickets"
#

CREATE TABLE `tickets` (
  `id` bigint(20) unsigned NOT NULL AUTO_INCREMENT,
  `user_id` bigint(20) unsigned NOT NULL,
  `subject` varchar(255) COLLATE utf8mb4_unicode_ci NOT NULL,
  `status` enum('Waiting','Replied','Closed','Admin Reply','User Reply') COLLATE utf8mb4_unicode_ci NOT NULL DEFAULT 'Waiting',
  `is_read_user` enum('0','1') COLLATE utf8mb4_unicode_ci NOT NULL DEFAULT '0',
  `is_read_admin` enum('0','1') COLLATE utf8mb4_unicode_ci NOT NULL DEFAULT '1',
  `ip_address` varchar(45) COLLATE utf8mb4_unicode_ci DEFAULT NULL,
  `created_at` timestamp NOT NULL DEFAULT current_timestamp(),
  `updated_at` timestamp NOT NULL DEFAULT current_timestamp(),
  PRIMARY KEY (`id`)
) ENGINE=InnoDB AUTO_INCREMENT=12346 DEFAULT CHARSET=utf8mb4 COLLATE=utf8mb4_unicode_ci ROW_FORMAT=DYNAMIC;

#
# Data for table "tickets"
#

INSERT INTO `tickets` VALUES (1,58,'Cek','Waiting','0','1','202.67.36.204','2021-07-12 16:46:05','2021-07-12 16:46:05'),(3,38,'Status Transaksi Server 1','Waiting','1','0','127.0.0.1','2021-07-27 22:09:49','2021-07-27 22:09:49'),(4,38,'Status Transaksi Server 1','Waiting','1','0','127.0.0.1','2021-07-27 22:11:57','2021-07-27 22:11:57'),(5,38,'Status Transaksi Server 1','User Reply','1','0','127.0.0.1','2021-07-27 22:13:19','2021-07-27 22:13:54'),(12345,38,'Produk Shop','Replied','1','1','127.0.0.1','2021-07-27 19:23:49','2021-07-27 22:05:33');

#
# Structure for table "user_activate_accounts"
#

CREATE TABLE `user_activate_accounts` (
  `id` bigint(20) unsigned NOT NULL AUTO_INCREMENT,
  `email` varchar(255) COLLATE utf8mb4_unicode_ci NOT NULL,
  `token` text COLLATE utf8mb4_unicode_ci NOT NULL,
  `created_at` timestamp NOT NULL DEFAULT current_timestamp(),
  PRIMARY KEY (`id`)
) ENGINE=InnoDB DEFAULT CHARSET=utf8mb4 COLLATE=utf8mb4_unicode_ci ROW_FORMAT=DYNAMIC;

#
# Data for table "user_activate_accounts"
#


#
# Structure for table "user_balance_logs"
#

CREATE TABLE `user_balance_logs` (
  `id` bigint(20) unsigned NOT NULL AUTO_INCREMENT,
  `order_id` int(11) DEFAULT NULL,
  `user_id` bigint(20) unsigned NOT NULL,
  `type` enum('Minus','Plus') COLLATE utf8mb4_unicode_ci NOT NULL,
  `action` enum('Order','Deposit','Refund','Transfer','Bonus','Other','Project') COLLATE utf8mb4_unicode_ci NOT NULL DEFAULT 'Order',
  `awal` double DEFAULT NULL,
  `amount` double NOT NULL,
  `description` text COLLATE utf8mb4_unicode_ci NOT NULL,
  `created_at` timestamp NOT NULL DEFAULT current_timestamp(),
  PRIMARY KEY (`id`)
) ENGINE=InnoDB AUTO_INCREMENT=23 DEFAULT CHARSET=utf8mb4 COLLATE=utf8mb4_unicode_ci ROW_FORMAT=DYNAMIC;

#
# Data for table "user_balance_logs"
#

INSERT INTO `user_balance_logs` VALUES (1,NULL,1,'Minus','Project',NULL,12000,'Membuat Project #5.','2022-04-05 22:19:27'),(2,6,1,'Minus','Project',NULL,12000,'Membuat Project #6.','2022-04-05 22:20:54'),(3,4,1,'Plus','Project',NULL,12000,'Refund Project #4.','2022-04-10 23:04:47'),(4,6,2,'Plus','Project',NULL,15000,'Fee Project #6.','2022-04-10 23:07:00'),(5,2,1,'Minus','Project',NULL,100000,'Membuat Project #2.','2022-04-13 00:13:47'),(6,2,1,'Minus','Project',NULL,100000,'Membuat Project #2.','2022-04-13 00:15:17'),(7,2,1,'Minus','Project',NULL,100000,'Membuat Project #2.','2022-04-13 00:23:01'),(8,2,1,'Minus','Project',NULL,100000,'Membuat Project #2.','2022-04-13 00:50:07'),(9,2,1,'Plus','Project',NULL,100000,'Refund Project #2.','2022-04-13 16:01:08'),(10,2,1,'Plus','Project',NULL,100000,'Refund Project #2.','2022-04-13 16:03:16'),(11,2,2,'Plus','Project',NULL,100000,'Fee Project #2.','2022-04-13 16:06:22'),(12,2,1,'Plus','Project',NULL,100000,'Refund Project #2.','2022-04-13 16:14:54'),(13,2,2,'Plus','Project',NULL,100000,'Fee Project #2.','2022-04-13 16:15:38'),(14,2,2,'Plus','Project',NULL,100000,'Fee Project #2.','2022-04-13 16:20:24'),(15,2,2,'Plus','Project',NULL,100000,'Fee Project #2.','2022-04-13 16:24:01'),(16,7,1,'Minus','Project',NULL,200000,'Membuat Project #7.','2022-04-13 18:23:24'),(17,7,2,'Plus','Project',NULL,200000,'Fee Project #7.','2022-04-14 18:15:11'),(18,7,2,'Plus','Project',NULL,200000,'Fee Project #7.','2022-04-14 18:21:08'),(19,7,2,'Plus','Project',NULL,200000,'Fee Project #7.','2022-04-15 08:19:10'),(20,0,5,'Plus','Transfer',NULL,200000,'Topup Saldo By Admin','2022-04-15 10:52:34'),(21,NULL,5,'Plus','Deposit',NULL,100000,'Transfer Deposit Admin #8.','2022-04-19 16:59:19'),(22,NULL,4,'Plus','Deposit',NULL,10000,'Topup Saldo By Admin #9.','2022-04-19 17:00:25');

#
# Structure for table "user_cookies"
#

CREATE TABLE `user_cookies` (
  `id` bigint(20) unsigned NOT NULL AUTO_INCREMENT,
  `user_id` bigint(20) unsigned NOT NULL,
  `value` text COLLATE utf8mb4_unicode_ci NOT NULL,
  `created_at` timestamp NOT NULL DEFAULT current_timestamp(),
  `expired_at` timestamp NULL DEFAULT NULL,
  PRIMARY KEY (`id`)
) ENGINE=InnoDB AUTO_INCREMENT=15 DEFAULT CHARSET=utf8mb4 COLLATE=utf8mb4_unicode_ci ROW_FORMAT=DYNAMIC;

#
# Data for table "user_cookies"
#

INSERT INTO `user_cookies` VALUES (14,38,'bEiSiJnWYI15shr2uRwmzlJfxwLdwIGvPqiG5o2G','2022-01-13 23:14:06','2022-02-13 23:14:06');

#
# Structure for table "user_login_logs"
#

CREATE TABLE `user_login_logs` (
  `id` bigint(20) unsigned NOT NULL AUTO_INCREMENT,
  `user_id` bigint(20) unsigned NOT NULL,
  `ip_address` varchar(45) COLLATE utf8mb4_unicode_ci NOT NULL,
  `created_at` timestamp NOT NULL DEFAULT current_timestamp(),
  PRIMARY KEY (`id`)
) ENGINE=InnoDB AUTO_INCREMENT=804 DEFAULT CHARSET=utf8mb4 COLLATE=utf8mb4_unicode_ci ROW_FORMAT=DYNAMIC;

#
# Data for table "user_login_logs"
#

INSERT INTO `user_login_logs` VALUES (1,30,'114.125.202.15','2021-06-06 23:57:23'),(2,30,'36.75.58.124','2021-06-07 02:34:12'),(3,30,'103.253.24.235','2021-06-07 02:38:19'),(4,30,'36.75.58.124','2021-06-07 02:43:48'),(5,30,'114.125.202.15','2021-06-07 02:46:28'),(6,30,'114.125.202.15','2021-06-07 02:59:58'),(8,30,'103.253.24.235','2021-06-07 03:28:17'),(9,30,'103.253.24.235','2021-06-07 03:30:01'),(10,30,'103.253.24.235','2021-06-07 08:36:23'),(12,30,'118.96.235.7','2021-06-07 14:24:29'),(13,30,'36.75.58.124','2021-06-07 15:22:12'),(14,30,'118.96.235.7','2021-06-07 15:34:11'),(15,30,'118.96.235.7','2021-06-07 16:50:50'),(16,30,'118.96.235.7','2021-06-07 20:02:39'),(17,30,'36.75.58.124','2021-06-07 20:23:21'),(19,30,'36.75.58.124','2021-06-07 21:11:52'),(21,30,'36.75.58.124','2021-06-07 21:19:55'),(23,30,'182.1.176.164','2021-06-07 21:31:33'),(24,30,'182.1.176.164','2021-06-07 21:35:19'),(25,30,'118.96.235.7','2021-06-07 21:41:31'),(26,30,'118.96.235.7','2021-06-07 22:00:07'),(27,30,'118.96.235.7','2021-06-07 23:40:26'),(28,30,'202.67.37.251','2021-06-08 12:12:59'),(29,30,'114.125.180.187','2021-06-08 12:19:01'),(30,30,'118.96.235.7','2021-06-08 13:26:34'),(31,36,'127.0.0.1','2021-06-14 18:50:16'),(32,36,'127.0.0.1','2021-06-14 19:16:05'),(33,36,'127.0.0.1','2021-06-15 08:42:00'),(34,36,'127.0.0.1','2021-06-16 06:45:30'),(35,36,'127.0.0.1','2021-06-17 17:13:59'),(36,36,'127.0.0.1','2021-06-17 17:16:43'),(37,36,'127.0.0.1','2021-06-17 21:38:55'),(38,36,'127.0.0.1','2021-06-18 17:49:25'),(39,36,'127.0.0.1','2021-06-28 07:02:15'),(40,36,'127.0.0.1','2021-06-28 22:11:03'),(41,36,'127.0.0.1','2021-07-02 22:46:37'),(42,36,'127.0.0.1','2021-07-04 22:18:29'),(43,36,'127.0.0.1','2021-07-05 22:02:16'),(44,36,'127.0.0.1','2021-07-06 08:41:57'),(45,36,'127.0.0.1','2021-07-07 07:15:08'),(46,36,'127.0.0.1','2021-07-07 14:39:39'),(47,36,'127.0.0.1','2021-07-07 18:23:27'),(48,36,'127.0.0.1','2021-07-08 20:25:38'),(49,36,'127.0.0.1','2021-07-09 08:28:17'),(50,36,'127.0.0.1','2021-07-09 18:13:03'),(51,36,'127.0.0.1','2021-07-09 21:46:07'),(52,36,'127.0.0.1','2021-07-10 08:30:46'),(53,36,'127.0.0.1','2021-07-10 13:19:27'),(54,36,'127.0.0.1','2021-07-10 15:40:58'),(55,36,'127.0.0.1','2021-07-10 19:44:04'),(56,38,'125.166.3.37','2021-07-10 23:26:49'),(57,38,'125.166.3.37','2021-07-10 23:44:01'),(58,39,'120.188.7.70','2021-07-11 00:16:20'),(59,40,'202.67.36.195','2021-07-11 00:36:16'),(60,41,'112.215.151.199','2021-07-11 00:57:22'),(61,42,'36.74.44.163','2021-07-11 00:58:55'),(62,43,'182.0.180.25','2021-07-11 00:59:47'),(63,44,'114.125.221.133','2021-07-11 01:00:47'),(64,45,'120.188.74.59','2021-07-11 01:01:44'),(65,46,'36.71.236.100','2021-07-11 01:02:30'),(66,47,'180.253.165.20','2021-07-11 01:02:31'),(67,48,'180.242.226.120','2021-07-11 01:04:06'),(68,49,'103.105.33.109','2021-07-11 01:06:10'),(69,51,'223.255.229.29','2021-07-11 01:07:29'),(70,53,'36.76.187.55','2021-07-11 01:09:48'),(71,54,'103.105.34.107','2021-07-11 01:13:35'),(72,55,'36.81.11.49','2021-07-11 01:17:40'),(73,54,'103.105.34.107','2021-07-11 01:19:30'),(74,54,'103.105.34.107','2021-07-11 01:23:12'),(75,56,'180.244.190.167','2021-07-11 01:23:22'),(76,56,'180.244.190.167','2021-07-11 01:28:48'),(77,57,'103.140.188.158','2021-07-11 01:33:18'),(78,58,'114.122.169.39','2021-07-11 01:45:37'),(79,61,'114.124.175.116','2021-07-11 02:16:18'),(80,46,'36.71.236.100','2021-07-11 03:46:48'),(81,62,'140.213.75.198','2021-07-11 04:33:03'),(82,62,'140.213.75.198','2021-07-11 04:37:43'),(83,63,'114.5.147.225','2021-07-11 04:38:57'),(84,65,'114.122.102.60','2021-07-11 05:19:55'),(85,66,'114.10.8.216','2021-07-11 05:22:53'),(86,67,'182.1.213.37','2021-07-11 05:32:22'),(87,68,'120.188.66.55','2021-07-11 05:39:52'),(88,70,'36.83.88.190','2021-07-11 05:56:33'),(89,71,'103.143.98.91','2021-07-11 06:02:19'),(90,72,'114.125.249.139','2021-07-11 06:09:18'),(91,73,'180.245.87.159','2021-07-11 06:27:16'),(92,75,'182.1.96.249','2021-07-11 06:27:41'),(93,75,'182.1.96.249','2021-07-11 06:28:32'),(94,76,'182.1.196.191','2021-07-11 06:36:38'),(95,77,'180.246.226.177','2021-07-11 06:42:38'),(96,49,'103.105.33.117','2021-07-11 07:14:19'),(97,78,'114.124.195.30','2021-07-11 07:15:23'),(98,81,'114.122.105.5','2021-07-11 07:37:42'),(99,40,'202.67.36.20','2021-07-11 08:01:43'),(100,83,'114.5.105.117','2021-07-11 08:05:38'),(101,85,'182.1.199.42','2021-07-11 08:13:47'),(102,42,'36.74.44.163','2021-07-11 08:14:04'),(103,86,'182.0.204.245','2021-07-11 08:14:35'),(104,41,'112.215.171.175','2021-07-11 08:17:07'),(105,87,'125.167.58.215','2021-07-11 08:20:26'),(106,56,'116.206.43.116','2021-07-11 08:28:21'),(107,88,'114.124.176.171','2021-07-11 08:29:09'),(108,90,'114.124.233.12','2021-07-11 08:34:15'),(109,72,'182.1.232.255','2021-07-11 08:35:38'),(110,91,'110.136.216.100','2021-07-11 08:37:06'),(111,92,'182.1.67.162','2021-07-11 08:37:22'),(112,93,'112.215.242.69','2021-07-11 08:38:26'),(113,94,'182.1.45.143','2021-07-11 08:38:34'),(114,95,'182.2.69.78','2021-07-11 08:39:02'),(115,65,'114.122.102.60','2021-07-11 08:40:05'),(116,96,'182.2.103.128','2021-07-11 08:44:26'),(117,51,'182.0.203.23','2021-07-11 09:00:07'),(118,99,'180.244.168.143','2021-07-11 09:12:12'),(119,63,'114.5.147.225','2021-07-11 09:13:49'),(120,100,'123.253.232.80','2021-07-11 09:15:00'),(121,98,'180.249.80.97','2021-07-11 09:20:15'),(122,97,'103.101.107.157','2021-07-11 09:22:52'),(123,101,'140.213.73.148','2021-07-11 09:26:59'),(124,67,'114.125.165.250','2021-07-11 09:30:16'),(125,74,'182.1.228.229','2021-07-11 09:31:41'),(126,102,'125.162.209.44','2021-07-11 09:46:44'),(127,103,'114.125.172.0','2021-07-11 09:59:09'),(128,104,'114.4.215.123','2021-07-11 10:04:22'),(129,76,'182.1.196.167','2021-07-11 10:08:46'),(130,106,'114.125.203.134','2021-07-11 10:13:44'),(131,105,'114.79.17.204','2021-07-11 10:17:16'),(132,68,'120.188.66.55','2021-07-11 10:24:31'),(133,107,'120.188.76.156','2021-07-11 10:29:23'),(134,83,'114.5.105.117','2021-07-11 10:39:30'),(135,78,'114.124.195.171','2021-07-11 10:41:26'),(136,87,'125.167.58.215','2021-07-11 10:46:49'),(137,108,'202.67.36.194','2021-07-11 10:55:59'),(138,95,'182.2.43.10','2021-07-11 10:56:12'),(139,108,'202.67.36.194','2021-07-11 10:56:25'),(140,108,'202.67.36.194','2021-07-11 10:56:51'),(141,109,'114.5.210.27','2021-07-11 11:05:20'),(142,40,'202.67.37.25','2021-07-11 11:06:53'),(143,73,'180.245.87.159','2021-07-11 11:14:18'),(144,54,'103.105.33.87','2021-07-11 11:20:21'),(145,44,'125.162.215.44','2021-07-11 11:36:00'),(146,62,'140.213.74.193','2021-07-11 11:41:39'),(147,111,'120.188.87.189','2021-07-11 11:45:35'),(148,112,'120.188.74.59','2021-07-11 11:50:00'),(149,113,'115.178.205.72','2021-07-11 12:17:14'),(150,114,'103.47.135.128','2021-07-11 12:19:31'),(151,70,'36.83.88.190','2021-07-11 13:08:39'),(152,39,'120.188.66.152','2021-07-11 13:10:37'),(153,64,'182.2.43.12','2021-07-11 13:11:40'),(154,71,'103.143.98.91','2021-07-11 13:15:15'),(155,68,'120.188.66.55','2021-07-11 13:25:28'),(156,119,'120.188.36.189','2021-07-11 13:27:59'),(157,117,'114.125.31.64','2021-07-11 13:28:12'),(158,40,'202.67.36.206','2021-07-11 13:28:21'),(159,120,'125.162.213.142','2021-07-11 13:31:14'),(160,101,'140.213.74.18','2021-07-11 13:36:59'),(161,80,'111.94.42.112','2021-07-11 13:46:45'),(162,72,'114.125.235.215','2021-07-11 13:48:22'),(163,121,'114.4.219.106','2021-07-11 13:54:04'),(164,124,'103.136.18.169','2021-07-11 14:00:10'),(165,45,'114.4.219.22','2021-07-11 14:06:31'),(166,125,'114.124.132.171','2021-07-11 14:29:35'),(167,56,'114.125.235.203','2021-07-11 14:31:49'),(168,74,'114.125.231.227','2021-07-11 14:53:42'),(169,47,'114.5.240.236','2021-07-11 14:56:48'),(170,44,'125.162.215.44','2021-07-11 15:07:06'),(171,86,'114.124.136.109','2021-07-11 15:21:22'),(172,126,'182.0.149.189','2021-07-11 15:23:52'),(173,98,'180.249.80.97','2021-07-11 15:31:42'),(174,81,'114.122.101.137','2021-07-11 15:32:05'),(175,127,'114.122.229.153','2021-07-11 15:36:48'),(176,128,'114.4.83.157','2021-07-11 15:46:00'),(177,97,'103.101.107.157','2021-07-11 15:57:50'),(178,129,'36.73.24.168','2021-07-11 16:01:52'),(179,102,'125.162.209.44','2021-07-11 16:02:24'),(180,58,'114.122.165.10','2021-07-11 16:15:26'),(181,105,'114.79.18.192','2021-07-11 16:46:19'),(182,131,'36.73.34.30','2021-07-11 16:46:25'),(183,68,'114.5.214.193','2021-07-11 16:56:28'),(184,106,'182.1.178.130','2021-07-11 16:58:59'),(185,107,'114.4.218.119','2021-07-11 17:00:31'),(186,101,'140.213.74.18','2021-07-11 17:30:06'),(187,133,'114.125.185.165','2021-07-11 17:37:01'),(188,124,'103.136.18.169','2021-07-11 17:41:27'),(189,111,'120.188.84.175','2021-07-11 17:42:42'),(190,54,'103.105.33.79','2021-07-11 17:42:53'),(191,94,'114.125.43.120','2021-07-11 17:57:21'),(192,76,'114.125.207.229','2021-07-11 17:59:09'),(193,40,'202.67.36.194','2021-07-11 18:03:10'),(194,56,'116.206.43.100','2021-07-11 18:08:04'),(195,67,'182.1.222.206','2021-07-11 18:08:40'),(196,98,'180.249.80.97','2021-07-11 18:18:08'),(197,93,'112.215.242.242','2021-07-11 18:18:19'),(198,71,'103.143.98.91','2021-07-11 18:22:31'),(199,61,'182.0.164.82','2021-07-11 18:23:16'),(200,66,'114.10.8.216','2021-07-11 18:29:55'),(201,65,'114.122.69.214','2021-07-11 18:36:45'),(202,40,'202.67.36.194','2021-07-11 18:53:50'),(203,134,'182.1.34.250','2021-07-11 18:54:47'),(204,51,'182.0.201.131','2021-07-11 19:01:25'),(205,136,'202.67.40.253','2021-07-11 19:13:21'),(206,135,'115.178.210.127','2021-07-11 19:15:22'),(207,42,'114.79.54.64','2021-07-11 19:34:24'),(208,137,'114.122.68.91','2021-07-11 19:34:33'),(209,55,'36.81.11.49','2021-07-11 19:38:12'),(210,108,'202.67.37.15','2021-07-11 19:47:20'),(211,67,'112.215.235.253','2021-07-11 19:54:46'),(212,138,'103.44.37.105','2021-07-11 20:25:54'),(213,41,'140.213.9.218','2021-07-11 20:33:26'),(214,124,'103.136.18.169','2021-07-11 20:35:02'),(215,139,'36.78.200.119','2021-07-11 20:43:44'),(216,58,'114.122.134.163','2021-07-11 20:49:23'),(217,71,'103.143.98.91','2021-07-11 20:53:38'),(218,86,'114.124.169.76','2021-07-11 20:54:04'),(219,39,'120.188.66.152','2021-07-11 20:59:51'),(220,140,'125.162.213.113','2021-07-11 21:20:46'),(221,44,'114.125.175.102','2021-07-11 21:21:47'),(222,102,'125.162.209.44','2021-07-11 21:21:51'),(223,65,'114.122.69.214','2021-07-11 21:25:44'),(224,99,'115.178.194.214','2021-07-11 21:28:51'),(225,38,'125.166.5.136','2021-07-11 21:29:25'),(226,122,'114.122.166.30','2021-07-11 21:30:14'),(227,56,'36.77.93.115','2021-07-11 21:31:41'),(228,74,'114.125.233.173','2021-07-11 21:32:26'),(229,105,'114.79.16.72','2021-07-11 21:39:43'),(230,91,'114.125.72.151','2021-07-11 21:44:47'),(231,109,'114.5.211.143','2021-07-11 22:04:38'),(232,112,'114.4.219.22','2021-07-11 22:06:30'),(233,142,'36.74.47.251','2021-07-11 22:12:48'),(234,114,'103.47.135.176','2021-07-11 22:21:52'),(235,143,'114.5.144.211','2021-07-11 22:35:01'),(236,124,'103.136.18.169','2021-07-11 22:41:56'),(237,110,'182.2.68.41','2021-07-11 22:46:09'),(238,111,'120.188.84.175','2021-07-11 22:50:58'),(239,79,'182.1.189.68','2021-07-11 23:04:02'),(240,144,'182.1.168.249','2021-07-11 23:21:12'),(241,145,'36.83.66.105','2021-07-12 00:00:14'),(242,70,'36.83.88.190','2021-07-12 00:12:42'),(243,146,'182.2.4.76','2021-07-12 00:27:06'),(244,147,'182.1.174.208','2021-07-12 01:39:33'),(245,58,'180.249.166.131','2021-07-12 01:51:19'),(246,148,'180.252.116.252','2021-07-12 01:59:50'),(247,56,'36.77.93.115','2021-07-12 02:42:21'),(248,64,'182.2.42.56','2021-07-12 05:13:52'),(249,143,'114.5.145.188','2021-07-12 05:24:00'),(250,138,'103.44.37.102','2021-07-12 05:24:23'),(251,133,'114.125.199.115','2021-07-12 05:38:07'),(252,90,'182.2.167.246','2021-07-12 05:46:43'),(253,65,'114.122.73.105','2021-07-12 05:48:26'),(254,131,'36.73.34.30','2021-07-12 05:51:19'),(255,94,'182.1.52.0','2021-07-12 05:54:38'),(256,71,'114.79.54.234','2021-07-12 05:59:06'),(257,40,'202.67.36.192','2021-07-12 06:09:14'),(258,137,'114.122.101.6','2021-07-12 06:20:12'),(259,70,'36.83.88.190','2021-07-12 06:26:26'),(260,121,'114.4.219.106','2021-07-12 06:40:25'),(261,102,'125.162.209.44','2021-07-12 06:41:58'),(262,105,'114.79.18.204','2021-07-12 06:42:19'),(263,149,'180.244.172.120','2021-07-12 06:50:49'),(264,62,'140.213.74.76','2021-07-12 06:50:55'),(265,74,'182.1.233.10','2021-07-12 07:02:07'),(266,39,'120.188.66.152','2021-07-12 07:07:18'),(267,106,'182.1.164.23','2021-07-12 07:15:59'),(268,111,'114.5.244.211','2021-07-12 07:48:29'),(269,114,'103.47.135.176','2021-07-12 07:49:52'),(270,144,'182.1.200.183','2021-07-12 07:54:07'),(271,56,'36.77.93.115','2021-07-12 07:57:16'),(272,83,'54.255.191.253','2021-07-12 07:57:48'),(273,56,'36.77.93.115','2021-07-12 08:01:07'),(274,108,'103.105.32.27','2021-07-12 08:09:21'),(275,113,'115.178.206.59','2021-07-12 08:10:53'),(276,124,'103.136.18.169','2021-07-12 08:27:21'),(277,88,'182.0.231.186','2021-07-12 08:37:31'),(278,71,'114.79.54.234','2021-07-12 08:39:12'),(279,56,'36.77.93.115','2021-07-12 08:39:59'),(280,38,'125.166.5.136','2021-07-12 08:52:41'),(281,98,'180.249.80.97','2021-07-12 09:03:58'),(282,97,'103.101.107.157','2021-07-12 09:10:12'),(283,133,'114.125.182.157','2021-07-12 09:12:24'),(284,112,'120.188.82.69','2021-07-12 09:13:30'),(285,72,'114.125.244.90','2021-07-12 09:16:18'),(286,151,'114.124.198.53','2021-07-12 09:20:31'),(287,151,'114.124.198.53','2021-07-12 09:21:08'),(288,122,'114.122.138.75','2021-07-12 09:35:13'),(289,81,'114.122.106.174','2021-07-12 09:39:00'),(290,75,'182.1.77.38','2021-07-12 09:48:13'),(291,101,'182.1.194.124','2021-07-12 09:51:59'),(292,44,'125.162.215.44','2021-07-12 10:17:16'),(293,46,'36.71.236.100','2021-07-12 10:23:28'),(294,95,'182.2.70.127','2021-07-12 10:27:54'),(295,76,'182.1.171.228','2021-07-12 10:28:54'),(296,67,'114.125.200.192','2021-07-12 10:45:24'),(297,56,'182.1.232.29','2021-07-12 10:49:09'),(298,135,'114.124.130.9','2021-07-12 11:00:53'),(299,71,'114.79.54.234','2021-07-12 11:41:26'),(300,41,'114.79.0.232','2021-07-12 11:49:28'),(301,111,'120.188.78.17','2021-07-12 11:53:55'),(302,152,'120.188.77.199','2021-07-12 11:56:24'),(303,102,'125.162.209.44','2021-07-12 12:00:36'),(304,126,'182.2.138.163','2021-07-12 12:12:39'),(305,148,'114.5.214.173','2021-07-12 12:27:49'),(306,86,'114.124.140.111','2021-07-12 12:54:54'),(307,125,'182.2.138.113','2021-07-12 12:57:06'),(308,85,'125.162.250.12','2021-07-12 12:58:25'),(309,72,'114.125.244.90','2021-07-12 12:59:45'),(310,79,'114.125.204.209','2021-07-12 13:03:35'),(311,74,'114.125.232.19','2021-07-12 13:04:39'),(312,61,'114.124.233.243','2021-07-12 13:20:53'),(313,122,'114.122.134.24','2021-07-12 13:26:42'),(314,58,'114.122.165.248','2021-07-12 13:30:58'),(315,68,'120.188.95.189','2021-07-12 13:41:11'),(316,133,'125.162.214.11','2021-07-12 13:46:38'),(317,105,'114.79.23.57','2021-07-12 13:50:55'),(318,41,'112.215.235.11','2021-07-12 13:56:55'),(319,119,'120.188.36.189','2021-07-12 14:23:50'),(320,56,'36.77.93.115','2021-07-12 14:33:37'),(321,40,'202.67.36.14','2021-07-12 14:37:49'),(322,94,'182.1.41.59','2021-07-12 14:47:03'),(323,54,'103.105.34.101','2021-07-12 14:48:06'),(324,137,'114.122.68.90','2021-07-12 14:53:19'),(325,42,'36.74.44.163','2021-07-12 15:00:42'),(326,62,'140.213.178.186','2021-07-12 15:15:56'),(327,98,'180.249.80.97','2021-07-12 15:20:32'),(328,107,'114.4.219.243','2021-07-12 15:28:36'),(329,41,'114.79.0.232','2021-07-12 15:34:17'),(330,51,'182.2.135.157','2021-07-12 15:38:04'),(331,157,'202.67.37.25','2021-07-12 15:39:36'),(332,100,'123.253.232.199','2021-07-12 15:48:10'),(333,64,'36.72.217.69','2021-07-12 15:54:25'),(334,101,'140.213.181.14','2021-07-12 16:08:43'),(335,160,'180.244.33.18','2021-07-12 16:10:18'),(336,145,'114.79.38.244','2021-07-12 16:11:46'),(337,102,'125.162.209.44','2021-07-12 16:31:06'),(338,159,'120.188.75.18','2021-07-12 16:32:57'),(339,83,'54.255.191.253','2021-07-12 16:44:10'),(340,135,'114.79.6.19','2021-07-12 16:49:23'),(341,97,'103.101.107.157','2021-07-12 16:57:16'),(342,109,'114.5.253.17','2021-07-12 17:18:29'),(343,126,'182.2.138.163','2021-07-12 17:25:07'),(344,71,'114.79.54.234','2021-07-12 17:26:54'),(345,161,'140.213.167.66','2021-07-12 17:28:51'),(346,44,'114.125.188.187','2021-07-12 17:30:41'),(347,76,'182.1.212.9','2021-07-12 17:36:19'),(348,65,'114.122.69.121','2021-07-12 17:40:35'),(349,141,'180.254.75.255','2021-07-12 17:44:50'),(350,162,'114.5.209.119','2021-07-12 17:46:05'),(351,110,'182.2.37.204','2021-07-12 17:48:33'),(352,111,'120.188.78.17','2021-07-12 17:51:03'),(353,62,'140.213.179.68','2021-07-12 17:58:23'),(354,98,'180.249.80.97','2021-07-12 18:02:04'),(355,70,'114.125.201.156','2021-07-12 18:06:30'),(356,163,'182.1.186.32','2021-07-12 18:12:46'),(357,43,'182.2.171.98','2021-07-12 18:18:30'),(358,86,'114.124.140.111','2021-07-12 18:28:40'),(359,127,'114.125.165.253','2021-07-12 18:38:54'),(360,85,'114.125.207.160','2021-07-12 18:56:34'),(361,137,'114.122.101.120','2021-07-12 18:56:36'),(362,160,'180.244.33.18','2021-07-12 19:02:11'),(363,68,'120.188.95.189','2021-07-12 19:05:51'),(364,46,'36.71.236.100','2021-07-12 19:09:19'),(365,133,'114.125.189.184','2021-07-12 19:10:02'),(366,74,'114.125.63.167','2021-07-12 19:14:23'),(367,79,'182.1.163.47','2021-07-12 19:19:47'),(368,119,'120.188.36.189','2021-07-12 19:19:57'),(369,164,'103.151.246.14','2021-07-12 19:22:25'),(370,78,'114.124.195.68','2021-07-12 19:23:44'),(371,165,'36.76.182.189','2021-07-12 19:33:48'),(372,58,'114.122.132.77','2021-07-12 19:38:39'),(373,102,'125.162.209.44','2021-07-12 19:40:23'),(374,112,'120.188.82.69','2021-07-12 19:55:54'),(375,166,'182.1.196.97','2021-07-12 20:03:22'),(376,98,'180.249.80.97','2021-07-12 20:06:15'),(377,117,'182.1.5.85','2021-07-12 20:09:32'),(378,166,'182.1.196.121','2021-07-12 20:18:16'),(379,126,'182.0.140.148','2021-07-12 20:23:50'),(380,167,'114.122.39.28','2021-07-12 20:25:20'),(381,70,'114.125.214.138','2021-07-12 20:34:50'),(382,122,'114.122.169.32','2021-07-12 20:36:06'),(383,76,'182.1.204.247','2021-07-12 20:36:25'),(384,71,'114.79.54.234','2021-07-12 20:36:31'),(385,44,'125.162.215.44','2021-07-12 20:50:09'),(386,81,'114.122.103.78','2021-07-12 20:55:59'),(387,85,'125.162.250.12','2021-07-12 21:11:16'),(388,40,'202.67.36.21','2021-07-12 21:11:53'),(389,72,'114.125.237.129','2021-07-12 21:14:55'),(390,168,'182.2.40.153','2021-07-12 21:17:24'),(391,83,'54.255.191.253','2021-07-12 21:18:00'),(392,56,'36.77.93.115','2021-07-12 21:22:48'),(393,169,'202.67.37.9','2021-07-12 21:43:52'),(394,162,'36.71.237.148','2021-07-12 21:48:47'),(395,43,'202.80.215.92','2021-07-12 21:53:22'),(396,38,'125.166.5.136','2021-07-12 21:55:16'),(397,170,'182.2.230.240','2021-07-12 21:58:26'),(398,42,'36.74.44.163','2021-07-12 22:06:33'),(399,101,'140.213.181.179','2021-07-12 22:06:47'),(400,171,'182.3.69.95','2021-07-12 22:11:06'),(401,142,'36.74.47.251','2021-07-12 22:15:16'),(402,167,'182.1.23.45','2021-07-12 22:55:48'),(403,172,'182.1.218.19','2021-07-12 23:06:36'),(404,38,'125.166.5.136','2021-07-12 23:23:49'),(405,38,'125.166.5.136','2021-07-12 23:24:18'),(406,38,'125.166.5.136','2021-07-12 23:25:43'),(407,38,'125.166.5.136','2021-07-12 23:28:16'),(408,38,'125.166.5.136','2021-07-12 23:28:23'),(409,145,'36.79.154.34','2021-07-12 23:30:55'),(410,40,'202.67.36.1','2021-07-12 23:31:32'),(411,40,'202.67.37.9','2021-07-12 23:32:43'),(412,40,'202.67.36.1','2021-07-12 23:33:32'),(413,43,'202.80.215.92','2021-07-12 23:36:53'),(414,125,'114.124.144.83','2021-07-12 23:50:33'),(415,167,'182.1.23.45','2021-07-12 23:56:53'),(416,136,'202.67.40.198','2021-07-13 00:00:54'),(417,102,'125.162.209.44','2021-07-13 00:03:50'),(418,173,'182.3.73.234','2021-07-13 00:18:22'),(419,68,'114.4.214.239','2021-07-13 00:35:29'),(420,102,'125.162.209.44','2021-07-13 04:07:21'),(421,62,'140.213.74.234','2021-07-13 04:45:27'),(422,94,'182.1.37.105','2021-07-13 04:52:33'),(423,44,'125.162.215.44','2021-07-13 05:07:34'),(424,163,'114.125.190.31','2021-07-13 05:32:35'),(425,105,'114.79.17.247','2021-07-13 05:42:02'),(426,74,'114.125.250.66','2021-07-13 06:03:53'),(427,95,'182.2.75.144','2021-07-13 06:16:44'),(428,46,'36.71.236.100','2021-07-13 06:26:21'),(429,73,'110.138.85.239','2021-07-13 06:36:52'),(430,67,'140.213.5.21','2021-07-13 06:49:50'),(431,80,'111.94.42.112','2021-07-13 06:56:12'),(432,161,'140.213.176.78','2021-07-13 06:57:00'),(433,63,'120.188.65.68','2021-07-13 07:00:58'),(434,98,'180.249.80.97','2021-07-13 07:02:12'),(435,157,'202.67.36.21','2021-07-13 07:02:40'),(436,72,'182.1.236.145','2021-07-13 07:03:26'),(437,117,'103.105.30.67','2021-07-13 07:21:35'),(438,62,'140.213.74.234','2021-07-13 07:29:03'),(439,106,'182.1.190.82','2021-07-13 07:34:51'),(440,83,'114.5.105.117','2021-07-13 07:39:22'),(441,83,'114.5.105.117','2021-07-13 07:41:10'),(442,65,'114.122.104.140','2021-07-13 07:53:37'),(443,174,'116.206.40.23','2021-07-13 08:00:40'),(444,87,'125.167.58.215','2021-07-13 08:16:24'),(445,87,'125.167.58.215','2021-07-13 08:18:02'),(446,131,'36.73.34.30','2021-07-13 08:20:43'),(447,56,'36.77.95.38','2021-07-13 08:29:33'),(448,163,'114.125.190.31','2021-07-13 08:47:20'),(449,111,'120.188.78.17','2021-07-13 09:03:24'),(450,42,'36.74.44.163','2021-07-13 09:07:44'),(451,170,'182.2.229.27','2021-07-13 09:13:56'),(452,85,'125.162.250.12','2021-07-13 09:38:24'),(453,71,'103.143.98.214','2021-07-13 09:44:58'),(454,70,'114.125.215.7','2021-07-13 09:45:02'),(455,175,'114.125.216.77','2021-07-13 09:47:29'),(456,121,'120.188.85.196','2021-07-13 09:51:48'),(457,112,'114.5.109.151','2021-07-13 10:15:39'),(458,72,'182.1.236.145','2021-07-13 10:24:43'),(459,56,'36.77.95.38','2021-07-13 10:34:22'),(460,51,'182.2.165.56','2021-07-13 10:34:33'),(461,76,'114.125.223.138','2021-07-13 10:41:18'),(462,40,'202.67.36.223','2021-07-13 10:49:08'),(463,103,'114.5.244.23','2021-07-13 10:52:57'),(464,101,'140.213.73.238','2021-07-13 11:15:03'),(465,177,'114.125.170.27','2021-07-13 11:24:11'),(466,176,'120.188.94.177','2021-07-13 11:32:13'),(467,86,'182.0.205.212','2021-07-13 11:38:21'),(468,79,'182.1.190.82','2021-07-13 11:42:33'),(469,141,'180.254.79.138','2021-07-13 11:51:35'),(470,129,'36.80.157.130','2021-07-13 11:58:52'),(471,122,'114.122.165.79','2021-07-13 12:00:27'),(472,110,'182.2.43.106','2021-07-13 12:07:32'),(473,167,'180.241.45.211','2021-07-13 12:14:29'),(474,119,'114.125.164.138','2021-07-13 12:14:48'),(475,98,'180.249.80.97','2021-07-13 12:19:48'),(476,109,'114.5.210.132','2021-07-13 12:24:28'),(477,62,'182.1.168.79','2021-07-13 12:25:56'),(478,74,'182.1.11.125','2021-07-13 12:30:20'),(479,164,'103.151.246.14','2021-07-13 12:43:20'),(480,71,'103.143.98.214','2021-07-13 12:45:54'),(481,41,'114.79.0.206','2021-07-13 12:55:17'),(482,163,'114.125.190.195','2021-07-13 13:19:21'),(483,88,'180.252.85.9','2021-07-13 13:23:20'),(484,166,'114.125.191.75','2021-07-13 13:38:32'),(485,157,'202.67.36.3','2021-07-13 13:40:47'),(486,141,'180.254.79.138','2021-07-13 13:58:37'),(487,95,'182.2.36.195','2021-07-13 14:11:03'),(488,70,'36.83.88.190','2021-07-13 14:14:32'),(489,44,'182.1.164.241','2021-07-13 14:14:33'),(490,170,'182.2.229.27','2021-07-13 14:51:12'),(491,63,'120.188.66.244','2021-07-13 14:53:04'),(492,65,'114.122.104.140','2021-07-13 14:53:12'),(493,181,'182.1.180.129','2021-07-13 14:57:32'),(494,75,'182.1.95.132','2021-07-13 14:57:39'),(495,94,'182.1.20.65','2021-07-13 14:57:48'),(496,180,'182.1.180.129','2021-07-13 15:00:01'),(497,85,'125.162.250.12','2021-07-13 15:11:46'),(498,144,'114.125.184.248','2021-07-13 15:27:58'),(499,166,'114.125.175.209','2021-07-13 15:50:11'),(500,148,'120.188.67.172','2021-07-13 15:51:49'),(501,177,'114.122.231.228','2021-07-13 15:56:12'),(502,182,'182.2.37.20','2021-07-13 15:58:23'),(503,97,'103.101.107.157','2021-07-13 16:15:47'),(504,68,'120.188.92.93','2021-07-13 16:26:06'),(505,54,'103.105.33.111','2021-07-13 16:29:21'),(506,112,'114.5.109.151','2021-07-13 16:51:19'),(507,157,'202.67.36.204','2021-07-13 16:57:30'),(508,129,'36.80.157.130','2021-07-13 17:00:55'),(509,39,'120.188.0.164','2021-07-13 17:00:59'),(510,102,'125.162.209.44','2021-07-13 17:01:30'),(511,83,'114.4.217.136','2021-07-13 17:02:52'),(512,122,'114.122.167.44','2021-07-13 17:07:05'),(513,126,'182.0.134.125','2021-07-13 17:10:20'),(514,119,'120.188.78.143','2021-07-13 17:26:10'),(515,72,'182.1.236.145','2021-07-13 17:36:13'),(516,184,'114.122.205.93','2021-07-13 17:37:09'),(517,184,'114.122.205.93','2021-07-13 17:37:45'),(518,101,'140.213.72.129','2021-07-13 17:41:26'),(519,76,'182.1.205.240','2021-07-13 17:51:40'),(520,98,'180.249.80.97','2021-07-13 17:57:01'),(521,70,'36.83.88.190','2021-07-13 18:08:15'),(522,173,'180.242.23.168','2021-07-13 18:16:40'),(523,131,'36.73.34.30','2021-07-13 18:24:47'),(524,40,'202.67.37.236','2021-07-13 18:25:13'),(525,87,'125.167.58.215','2021-07-13 18:25:46'),(526,73,'110.138.85.239','2021-07-13 18:27:47'),(527,134,'114.125.53.208','2021-07-13 18:31:13'),(528,144,'36.85.219.64','2021-07-13 18:40:38'),(529,187,'140.213.15.156','2021-07-13 18:43:39'),(530,64,'182.2.40.0','2021-07-13 18:45:29'),(531,46,'36.71.236.100','2021-07-13 18:45:39'),(532,74,'182.1.24.121','2021-07-13 19:04:44'),(533,188,'182.3.73.92','2021-07-13 19:10:12'),(534,94,'182.1.27.157','2021-07-13 19:12:16'),(535,190,'182.1.14.112','2021-07-13 19:13:44'),(536,191,'182.1.115.229','2021-07-13 19:14:38'),(537,111,'114.5.105.53','2021-07-13 19:19:46'),(538,162,'36.72.133.33','2021-07-13 19:24:24'),(539,164,'103.151.246.14','2021-07-13 19:32:18'),(540,157,'202.67.36.200','2021-07-13 19:32:52'),(541,189,'125.165.104.253','2021-07-13 19:34:47'),(542,79,'114.125.186.154','2021-07-13 19:35:01'),(543,169,'202.67.36.192','2021-07-13 19:48:42'),(544,68,'114.4.219.227','2021-07-13 19:56:50'),(545,178,'103.44.37.73','2021-07-13 20:01:28'),(546,102,'125.162.209.44','2021-07-13 20:08:49'),(547,91,'114.122.136.148','2021-07-13 20:17:59'),(548,53,'36.76.187.55','2021-07-13 20:20:16'),(549,39,'120.188.3.184','2021-07-13 20:20:43'),(550,98,'180.249.80.97','2021-07-13 20:30:00'),(551,141,'222.124.94.109','2021-07-13 20:45:06'),(552,167,'114.122.42.118','2021-07-13 20:53:05'),(553,192,'125.161.112.43','2021-07-13 20:55:41'),(554,192,'125.161.112.43','2021-07-13 21:01:06'),(555,113,'115.178.223.144','2021-07-13 21:16:03'),(556,43,'114.124.150.181','2021-07-13 21:19:41'),(557,85,'125.162.250.12','2021-07-13 21:21:05'),(558,40,'202.67.37.227','2021-07-13 21:22:50'),(559,83,'54.255.191.253','2021-07-13 21:32:00'),(560,44,'182.1.202.138','2021-07-13 21:44:09'),(561,193,'180.244.174.244','2021-07-13 22:26:52'),(562,42,'36.74.44.163','2021-07-14 00:40:27'),(563,194,'36.71.238.230','2021-07-14 01:15:50'),(564,62,'140.213.222.127','2021-07-14 04:02:56'),(565,65,'114.5.209.32','2021-07-14 05:20:47'),(566,102,'125.162.209.44','2021-07-14 05:33:30'),(567,56,'36.77.95.38','2021-07-14 06:34:09'),(568,85,'182.1.187.208','2021-07-14 06:37:30'),(569,137,'114.122.73.193','2021-07-14 06:56:35'),(570,74,'114.125.251.255','2021-07-14 07:16:33'),(571,180,'114.79.37.17','2021-07-14 07:19:08'),(572,100,'123.253.232.199','2021-07-14 07:23:29'),(573,190,'182.1.61.106','2021-07-14 07:28:18'),(574,108,'202.67.37.27','2021-07-14 07:50:29'),(575,198,'114.4.220.41','2021-07-14 08:13:46'),(576,175,'114.125.183.36','2021-07-14 08:26:00'),(577,148,'120.188.36.132','2021-07-14 08:28:45'),(578,172,'182.1.199.104','2021-07-14 08:34:31'),(579,157,'103.105.32.38','2021-07-14 08:46:48'),(580,141,'180.254.65.198','2021-07-14 08:55:31'),(581,71,'114.79.54.151','2021-07-14 08:59:55'),(582,87,'125.167.58.215','2021-07-14 09:00:10'),(583,117,'103.105.30.80','2021-07-14 09:05:00'),(584,199,'36.74.43.212','2021-07-14 09:12:45'),(585,95,'182.2.75.208','2021-07-14 09:14:09'),(586,79,'114.125.190.202','2021-07-14 09:16:43'),(587,112,'114.5.109.151','2021-07-14 09:24:23'),(588,119,'182.1.180.1','2021-07-14 09:24:48'),(589,74,'114.125.251.255','2021-07-14 09:41:52'),(590,192,'125.161.112.43','2021-07-14 09:42:17'),(591,67,'114.125.201.93','2021-07-14 09:44:48'),(592,122,'114.122.132.254','2021-07-14 10:02:56'),(593,196,'103.3.222.198','2021-07-14 10:03:01'),(594,166,'114.125.207.157','2021-07-14 10:20:19'),(595,102,'125.162.209.44','2021-07-14 10:52:26'),(596,81,'114.122.75.27','2021-07-14 11:10:07'),(597,200,'114.5.144.28','2021-07-14 11:12:55'),(598,64,'182.2.42.182','2021-07-14 11:13:15'),(599,193,'180.244.174.244','2021-07-14 11:39:46'),(600,163,'114.125.174.154','2021-07-14 11:42:10'),(601,97,'103.101.107.157','2021-07-14 11:51:36'),(602,58,'114.122.168.126','2021-07-14 12:02:23'),(603,149,'180.244.172.120','2021-07-14 12:05:54'),(604,108,'103.105.32.108','2021-07-14 12:06:15'),(605,74,'182.1.34.202','2021-07-14 12:10:07'),(606,202,'118.137.180.82','2021-07-14 12:13:10'),(607,101,'140.213.222.116','2021-07-14 12:17:36'),(608,201,'116.206.35.16','2021-07-14 12:39:12'),(609,87,'125.167.58.215','2021-07-14 13:02:51'),(610,72,'114.125.229.203','2021-07-14 13:10:35'),(611,95,'182.2.40.101','2021-07-14 13:18:13'),(612,51,'182.2.165.56','2021-07-14 13:26:00'),(613,193,'110.138.90.112','2021-07-14 13:45:50'),(614,54,'103.105.33.122','2021-07-14 13:54:21'),(615,77,'125.163.169.141','2021-07-14 13:57:08'),(616,77,'125.163.169.141','2021-07-14 14:05:57'),(617,110,'182.2.70.98','2021-07-14 14:10:30'),(618,44,'182.1.190.215','2021-07-14 14:11:06'),(619,119,'182.1.219.175','2021-07-14 14:20:39'),(620,164,'103.151.246.14','2021-07-14 14:21:53'),(621,56,'36.77.95.38','2021-07-14 14:25:04'),(622,100,'123.253.232.199','2021-07-14 14:30:16'),(623,102,'125.162.209.44','2021-07-14 14:35:59'),(624,108,'202.67.36.194','2021-07-14 14:44:37'),(625,85,'125.162.250.12','2021-07-14 15:11:08'),(626,157,'202.67.37.0','2021-07-14 15:14:42'),(627,144,'114.125.215.155','2021-07-14 15:17:09'),(628,203,'112.215.241.127','2021-07-14 15:17:11'),(629,76,'182.1.212.94','2021-07-14 15:23:47'),(630,68,'120.188.39.1','2021-07-14 15:34:21'),(631,106,'114.125.166.94','2021-07-14 15:34:44'),(632,44,'125.162.215.44','2021-07-14 15:41:18'),(633,94,'114.125.56.29','2021-07-14 15:42:18'),(634,42,'36.74.44.163','2021-07-14 15:50:05'),(635,99,'140.213.33.37','2021-07-14 15:50:38'),(636,74,'114.125.253.99','2021-07-14 15:51:35'),(637,41,'115.178.194.138','2021-07-14 16:05:55'),(638,98,'180.249.80.97','2021-07-14 16:06:37'),(639,178,'115.178.228.34','2021-07-14 16:06:43'),(640,193,'110.138.90.112','2021-07-14 16:12:57'),(641,129,'36.80.157.130','2021-07-14 16:19:13'),(642,204,'140.213.5.178','2021-07-14 16:33:04'),(643,189,'180.241.146.218','2021-07-14 16:42:43'),(644,164,'103.151.246.14','2021-07-14 16:43:24'),(645,164,'125.162.215.44','2021-07-14 16:44:50'),(646,122,'114.122.169.131','2021-07-14 16:45:03'),(647,105,'114.79.21.24','2021-07-14 17:03:54'),(648,44,'125.162.215.44','2021-07-14 17:05:32'),(649,164,'103.151.246.14','2021-07-14 17:06:41'),(650,56,'36.77.95.38','2021-07-14 17:16:25'),(651,85,'125.162.250.12','2021-07-14 17:33:08'),(652,141,'180.254.65.198','2021-07-14 17:34:04'),(653,81,'114.122.74.75','2021-07-14 17:38:45'),(654,62,'140.213.221.126','2021-07-14 17:40:48'),(655,39,'114.4.215.3','2021-07-14 17:54:47'),(656,40,'114.125.212.116','2021-07-14 18:06:53'),(657,51,'182.2.165.56','2021-07-14 18:09:03'),(658,205,'114.5.146.169','2021-07-14 18:11:36'),(659,55,'36.81.11.49','2021-07-14 18:20:35'),(660,90,'182.2.170.7','2021-07-14 18:25:44'),(661,121,'114.4.218.154','2021-07-14 18:32:50'),(662,41,'115.178.194.138','2021-07-14 18:54:57'),(663,38,'125.166.4.224','2021-07-14 19:03:02'),(664,76,'182.1.201.78','2021-07-14 19:07:49'),(665,175,'182.1.179.155','2021-07-14 19:14:08'),(666,54,'103.105.33.73','2021-07-14 19:15:09'),(667,100,'123.253.232.199','2021-07-14 19:19:18'),(668,157,'103.105.32.40','2021-07-14 19:24:55'),(669,126,'182.0.139.137','2021-07-14 19:36:10'),(670,98,'180.249.80.97','2021-07-14 19:38:57'),(671,102,'125.162.209.44','2021-07-14 19:39:53'),(672,178,'115.178.228.34','2021-07-14 19:46:34'),(673,71,'114.79.55.46','2021-07-14 19:49:08'),(674,65,'114.5.209.32','2021-07-14 19:51:46'),(675,107,'114.125.201.87','2021-07-14 20:01:55'),(676,150,'182.1.174.52','2021-07-14 20:09:53'),(677,147,'114.125.196.101','2021-07-14 20:47:06'),(678,199,'114.122.74.236','2021-07-14 21:13:09'),(679,142,'36.74.44.137','2021-07-14 21:18:29'),(680,164,'103.151.246.14','2021-07-14 21:20:43'),(681,94,'182.1.21.36','2021-07-14 21:28:31'),(682,134,'182.1.40.199','2021-07-14 21:32:06'),(683,131,'36.73.34.189','2021-07-14 22:19:25'),(684,167,'182.1.35.92','2021-07-14 22:54:20'),(685,207,'36.82.99.197','2021-07-14 22:56:52'),(686,46,'36.71.236.100','2021-07-15 00:46:54'),(687,107,'114.125.164.168','2021-07-15 00:54:25'),(688,208,'114.142.169.54','2021-07-15 01:00:41'),(689,40,'202.67.37.10','2021-07-15 01:06:15'),(690,41,'115.178.211.217','2021-07-15 01:08:04'),(691,164,'180.251.152.206','2021-07-15 01:12:46'),(692,134,'182.1.40.223','2021-07-15 01:28:11'),(693,209,'114.5.214.10','2021-07-15 02:13:53'),(694,94,'182.1.55.186','2021-07-15 05:47:02'),(695,76,'140.213.181.233','2021-07-15 05:55:33'),(696,102,'125.162.215.54','2021-07-15 06:26:26'),(697,175,'114.125.198.158','2021-07-15 07:14:09'),(698,65,'114.122.72.90','2021-07-15 07:30:05'),(699,56,'36.77.95.38','2021-07-15 07:37:24'),(700,168,'182.2.73.250','2021-07-15 07:46:12'),(701,51,'182.2.165.56','2021-07-15 07:54:17'),(702,107,'182.1.167.54','2021-07-15 08:11:00'),(703,108,'202.67.37.233','2021-07-15 08:12:41'),(704,141,'180.254.65.198','2021-07-15 08:20:11'),(705,184,'114.122.197.181','2021-07-15 08:27:29'),(706,122,'114.122.135.175','2021-07-15 08:38:06'),(707,193,'180.252.127.203','2021-07-15 08:40:36'),(708,166,'182.1.200.197','2021-07-15 08:43:05'),(709,102,'125.162.215.54','2021-07-15 08:58:48'),(710,38,'127.0.0.1','2021-07-15 09:04:23'),(711,38,'127.0.0.1','2021-07-16 08:05:48'),(712,38,'127.0.0.1','2021-07-16 19:35:37'),(713,38,'127.0.0.1','2021-07-17 09:01:54'),(714,38,'127.0.0.1','2021-07-18 17:08:08'),(715,38,'127.0.0.1','2021-07-22 22:48:59'),(716,38,'127.0.0.1','2021-07-23 21:08:40'),(717,38,'127.0.0.1','2021-07-24 20:26:28'),(718,38,'127.0.0.1','2021-07-25 19:42:45'),(719,38,'127.0.0.1','2021-07-26 07:02:01'),(720,38,'127.0.0.1','2021-07-26 15:45:07'),(721,38,'127.0.0.1','2021-07-26 20:58:19'),(722,38,'127.0.0.1','2021-07-26 20:58:42'),(723,38,'127.0.0.1','2021-07-27 19:06:46'),(724,38,'127.0.0.1','2021-07-27 19:07:03'),(725,38,'127.0.0.1','2021-07-28 17:20:12'),(726,38,'127.0.0.1','2021-07-28 17:20:12'),(727,38,'127.0.0.1','2021-07-28 17:31:33'),(728,38,'127.0.0.1','2021-07-28 17:31:51'),(729,38,'127.0.0.1','2021-07-29 08:34:27'),(730,38,'127.0.0.1','2021-07-29 08:34:42'),(731,38,'127.0.0.1','2021-07-29 19:38:20'),(732,38,'127.0.0.1','2021-07-29 19:38:26'),(733,38,'127.0.0.1','2021-07-29 19:39:16'),(734,38,'127.0.0.1','2021-07-30 09:58:23'),(735,38,'127.0.0.1','2021-07-30 09:58:35'),(736,38,'127.0.0.1','2021-08-02 22:29:51'),(737,38,'127.0.0.1','2021-08-02 22:49:59'),(738,38,'127.0.0.1','2021-08-04 19:36:25'),(739,38,'127.0.0.1','2021-08-04 19:39:39'),(740,38,'127.0.0.1','2021-10-11 21:54:31'),(741,38,'127.0.0.1','2021-10-11 21:55:01'),(742,38,'127.0.0.1','2021-10-19 22:02:57'),(743,30,'127.0.0.1','2021-10-19 22:04:13'),(744,30,'127.0.0.1','2022-01-07 08:29:10'),(745,30,'127.0.0.1','2022-01-07 08:30:06'),(746,30,'127.0.0.1','2022-01-13 18:31:04'),(747,38,'127.0.0.1','2022-01-13 18:31:24'),(748,38,'127.0.0.1','2022-01-13 23:03:48'),(749,38,'127.0.0.1','2022-01-13 23:14:06'),(750,30,'127.0.0.1','2022-02-21 21:40:03'),(751,30,'127.0.0.1','2022-02-21 23:07:31'),(752,30,'127.0.0.1','2022-02-23 11:20:54'),(753,30,'127.0.0.1','2022-02-23 21:56:36'),(754,30,'127.0.0.1','2022-02-24 18:40:33'),(755,30,'127.0.0.1','2022-02-27 22:31:06'),(756,30,'127.0.0.1','2022-03-06 20:56:24'),(757,30,'127.0.0.1','2022-03-12 08:34:55'),(758,30,'127.0.0.1','2022-03-13 21:31:10'),(759,30,'127.0.0.1','2022-03-13 21:32:51'),(760,33,'127.0.0.1','2022-03-13 21:34:17'),(761,30,'127.0.0.1','2022-03-14 00:24:28'),(762,30,'127.0.0.1','2022-03-14 01:03:39'),(763,30,'127.0.0.1','2022-03-25 16:13:55'),(764,30,'127.0.0.1','2022-03-25 22:02:44'),(765,30,'127.0.0.1','2022-03-28 19:09:50'),(766,1,'127.0.0.1','2022-03-28 22:16:23'),(767,1,'127.0.0.1','2022-04-05 22:13:48'),(768,2,'127.0.0.1','2022-04-05 22:22:22'),(769,1,'127.0.0.1','2022-04-07 21:21:50'),(770,2,'127.0.0.1','2022-04-07 21:25:50'),(771,1,'127.0.0.1','2022-04-07 23:03:31'),(772,2,'127.0.0.1','2022-04-07 23:04:32'),(773,1,'127.0.0.1','2022-04-07 23:12:53'),(774,1,'127.0.0.1','2022-04-09 16:20:14'),(775,2,'127.0.0.1','2022-04-09 19:49:24'),(776,1,'127.0.0.1','2022-04-09 22:36:25'),(777,1,'127.0.0.1','2022-04-10 18:22:28'),(778,1,'127.0.0.1','2022-04-10 20:42:38'),(779,1,'127.0.0.1','2022-04-10 22:35:31'),(780,1,'127.0.0.1','2022-04-11 09:08:24'),(781,2,'127.0.0.1','2022-04-11 09:10:01'),(782,1,'127.0.0.1','2022-04-11 12:48:49'),(783,1,'127.0.0.1','2022-04-12 20:43:06'),(784,2,'127.0.0.1','2022-04-13 00:07:39'),(785,1,'127.0.0.1','2022-04-13 09:41:15'),(786,2,'127.0.0.1','2022-04-13 09:42:05'),(787,1,'127.0.0.1','2022-04-13 16:18:03'),(788,2,'127.0.0.1','2022-04-13 16:26:02'),(789,1,'127.0.0.1','2022-04-14 17:52:21'),(790,1,'127.0.0.1','2022-04-15 07:02:01'),(791,2,'127.0.0.1','2022-04-15 07:10:45'),(792,1,'127.0.0.1','2022-04-16 19:47:14'),(793,1,'127.0.0.1','2022-04-19 08:28:07'),(794,1,'127.0.0.1','2022-04-21 17:58:27'),(795,1,'127.0.0.1','2022-04-22 20:41:12'),(796,1,'127.0.0.1','2022-04-26 07:51:30'),(797,2,'127.0.0.1','2022-04-26 07:52:41'),(798,1,'127.0.0.1','2022-05-04 22:11:42'),(799,1,'127.0.0.1','2022-05-09 21:26:25'),(800,1,'127.0.0.1','2022-05-13 08:03:42'),(801,1,'127.0.0.1','2022-05-13 20:38:48'),(802,2,'127.0.0.1','2022-05-13 20:55:18'),(803,1,'127.0.0.1','2022-05-29 16:07:19');

#
# Structure for table "user_password_resets"
#

CREATE TABLE `user_password_resets` (
  `id` bigint(20) unsigned NOT NULL AUTO_INCREMENT,
  `email` varchar(255) COLLATE utf8mb4_unicode_ci NOT NULL,
  `token` varchar(255) COLLATE utf8mb4_unicode_ci NOT NULL,
  `created_at` timestamp NOT NULL DEFAULT current_timestamp(),
  PRIMARY KEY (`id`),
  KEY `user_password_resets_email_index` (`email`)
) ENGINE=InnoDB AUTO_INCREMENT=17 DEFAULT CHARSET=utf8mb4 COLLATE=utf8mb4_unicode_ci ROW_FORMAT=DYNAMIC;

#
# Data for table "user_password_resets"
#

INSERT INTO `user_password_resets` VALUES (1,'cikalporjo81@gmail.com','75c4c37c14c97146c3e66cf4ae6619f8','2021-07-11 10:54:04'),(2,'omangntng2018@gmail.com','fe1ea6d028e8b15beaa34b20664d4a7b','2021-07-11 06:17:21'),(3,'malfarizi1504@gmail.com','2ce1fc4b614c9df28da818cb8f314ef6','2021-07-11 06:38:20'),(10,'rarang.ntb@gmail.com','d9d2448f334be471bffae5473c8f2dd5','2021-07-12 13:38:03'),(14,'salmanjuniardi30@gmail.com','647eb7becc99c485157ebcb2f6de6431','2021-07-13 11:23:09'),(16,'minustv17@gmail.com','92dc3c4988e55363325aee81a9728b99','2021-07-14 01:11:59');

#
# Structure for table "user_register_logs"
#

CREATE TABLE `user_register_logs` (
  `id` bigint(20) unsigned NOT NULL AUTO_INCREMENT,
  `upline_user_id` bigint(20) unsigned DEFAULT NULL,
  `user_id` bigint(20) unsigned NOT NULL,
  `ip_address` varchar(45) COLLATE utf8mb4_unicode_ci DEFAULT NULL,
  `created_at` timestamp NOT NULL DEFAULT current_timestamp(),
  PRIMARY KEY (`id`)
) ENGINE=InnoDB AUTO_INCREMENT=3 DEFAULT CHARSET=utf8mb4 COLLATE=utf8mb4_unicode_ci ROW_FORMAT=DYNAMIC;

#
# Data for table "user_register_logs"
#

INSERT INTO `user_register_logs` VALUES (1,1,4,'127.0.0.1','2022-04-11 09:07:01'),(2,NULL,5,'127.0.0.1','2022-04-13 23:18:10');

#
# Structure for table "users"
#

CREATE TABLE `users` (
  `id` bigint(20) unsigned NOT NULL AUTO_INCREMENT,
  `username` varchar(255) COLLATE utf8mb4_unicode_ci NOT NULL,
  `password` varchar(255) COLLATE utf8mb4_unicode_ci DEFAULT NULL,
  `pin` varchar(50) COLLATE utf8mb4_unicode_ci DEFAULT NULL,
  `full_name` varchar(255) COLLATE utf8mb4_unicode_ci DEFAULT NULL,
  `email` varchar(255) COLLATE utf8mb4_unicode_ci DEFAULT NULL,
  `phone_number` varchar(255) COLLATE utf8mb4_unicode_ci DEFAULT NULL,
  `avatar` varchar(255) COLLATE utf8mb4_unicode_ci DEFAULT NULL,
  `jawaban` int(11) DEFAULT 0,
  `tercerdas` int(11) DEFAULT 0,
  `thanks` int(11) DEFAULT 0,
  `balance` double DEFAULT NULL,
  `point` double NOT NULL DEFAULT 0,
  `level` enum('Basic','Premium','Vip','Member','Moderator') COLLATE utf8mb4_unicode_ci NOT NULL DEFAULT 'Member',
  `api_key` varchar(255) COLLATE utf8mb4_unicode_ci DEFAULT NULL,
  `referral_code` varchar(255) COLLATE utf8mb4_unicode_ci DEFAULT NULL,
  `upline` int(11) DEFAULT 0,
  `notification` varchar(255) COLLATE utf8mb4_unicode_ci DEFAULT '{"order":"1","deposit":"1","ticket":"1"}',
  `status` enum('0','1') COLLATE utf8mb4_unicode_ci NOT NULL DEFAULT '1',
  `is_verified` enum('0','1') COLLATE utf8mb4_unicode_ci NOT NULL DEFAULT '0',
  `created_at` timestamp NOT NULL DEFAULT current_timestamp(),
  `ses_login` varchar(255) COLLATE utf8mb4_unicode_ci DEFAULT NULL,
  `remember_token` varchar(255) COLLATE utf8mb4_unicode_ci DEFAULT NULL,
  `otpcode` varchar(5) COLLATE utf8mb4_unicode_ci DEFAULT NULL,
  `working_project` int(11) DEFAULT 0,
  `current_project` int(11) DEFAULT 0,
  `bonus_rp` int(11) DEFAULT 0,
  `is_wd` int(11) DEFAULT 0,
  PRIMARY KEY (`id`)
) ENGINE=InnoDB AUTO_INCREMENT=6 DEFAULT CHARSET=utf8mb4 COLLATE=utf8mb4_unicode_ci ROW_FORMAT=DYNAMIC;

#
# Data for table "users"
#

INSERT INTO `users` VALUES (1,'demouser','$2y$10$6oic1obtFsV63hNAw1Hdd.c87vmN.iwsFLyOmOrjcHXmRf5I5W4JC',NULL,'demouser','demouser@gmail.com','081333387700',NULL,1,0,0,40000,5,'Member','gasPFBLPn4gDlj4gJs6CGi8k0','39babc332b412604066644a894d9f47b8fe2ad42',0,'{\"order\":\"1\",\"deposit\":\"1\",\"ticket\":\"1\"}','1','1','2022-03-28 22:12:36',NULL,NULL,'',0,0,0,0),(2,'demouser1','$2y$10$6oic1obtFsV63hNAw1Hdd.c87vmN.iwsFLyOmOrjcHXmRf5I5W4JC',NULL,'demouser1','demouser1@gmail.com','089515666413',NULL,3,0,0,1060000,99,'Member',NULL,NULL,0,'{order:1,deposit:1,ticket:','1','1','2022-04-05 22:22:06',NULL,NULL,NULL,10,2,0,0),(3,'demouser3','$2y$10$6oic1obtFsV63hNAw1Hdd.c87vmN.iwsFLyOmOrjcHXmRf5I5W4JC',NULL,'demouser3','demouser3@gmail.com',NULL,NULL,0,0,0,0,0,'Member',NULL,NULL,0,'{order:1,deposit:1,ticket:','1','0','2022-04-10 21:22:47',NULL,NULL,NULL,1,1,0,0),(4,'passukanmedia','$2y$10$0pOM8IKpjwDRMgSBjDBbZelvx36Dr.cRWSNjWpKNHD3KOS8UY.0/y',NULL,'pasukan media','pasukan.media1@gmail.com','081333387711',NULL,0,0,0,10000,10,'Member','0G31794GVkwdwooyF7CbDKf35','14bf7ae28bb8f036f53fdd1f52f118bdf2f25beb',0,'{\"order\":\"1\",\"deposit\":\"1\",\"ticket\":\"1\"}','1','1','2022-04-11 09:07:01',NULL,NULL,'',0,0,0,0),(5,'cobacoba','$2y$10$cmCiuH6ag8xss9.3u0V/D.7s9OiUpTHPTf9jRg9O.qxHnTdG6wO6e',NULL,'coba','coba@gmail.com','08123781237',NULL,0,0,0,300000,10,'Member','DD76Fyy31B22u2LZ63QrR95w8','0e1964ed5f54a93f8d277168bde81e11e0b5b0f1',NULL,'{\"order\":\"1\",\"deposit\":\"1\",\"ticket\":\"1\"}','1','1','2022-04-13 23:18:10',NULL,NULL,'',0,0,0,0);

#
# Structure for table "website_configs"
#

CREATE TABLE `website_configs` (
  `id` bigint(20) unsigned NOT NULL AUTO_INCREMENT,
  `key` varchar(255) COLLATE utf8mb4_unicode_ci NOT NULL,
  `value` text COLLATE utf8mb4_unicode_ci NOT NULL,
  PRIMARY KEY (`id`)
) ENGINE=InnoDB AUTO_INCREMENT=22 DEFAULT CHARSET=utf8mb4 COLLATE=utf8mb4_unicode_ci ROW_FORMAT=DYNAMIC;

#
# Data for table "website_configs"
#

INSERT INTO `website_configs` VALUES (9,'template','{\"number\":\"first-template\"}'),(10,'main','{\"website_name\":\"Titip Tugas\",\"website_logo\":\"\",\"website_favicon\":\"\",\"about_us\":\"<a rel=\\\"nofollow\\\" href=\\\"http:\\/\\/titiptugas.com\\/#\\\" target=\\\"_parent\\\">Titip Tugas<\\/a>,\\r\\n website untuk solusi tugas sekolah maupun kuliah. Kalian bisa \\r\\nmenanyakan semua soal pelajaran di sekolah. Cukup ketik, upload, dan \\r\\npublish. Rekan-rekan disini akan membantu memberikan jawaban.\",\"meta_author\":\"jhonroot\",\"meta_keywords\":\"Titip Tugas, website untuk solusi tugas sekolah maupun kuliah. Kalian bisa menanyakan semua soal pelajaran di sekolah. Cukup ketik, upload, dan publish. Rekan-rekan disini akan membantu memberikan jawaban.\",\"meta_description\":\"Titip Tugas, website untuk solusi tugas sekolah maupun kuliah. Kalian bisa menanyakan semua soal pelajaran di sekolah. Cukup ketik, upload, dan publish. Rekan-rekan disini akan membantu memberikan jawaban.\",\"is_email_confirmation_enabled\":\"1\",\"is_register_enabled\":\"1\",\"is_reset_password_enabled\":\"1\",\"is_website_under_maintenance\":\"\",\"is_landing_page_enabled\":\"1\"}'),(11,'other','{\"order_info\":\"<span style=\\\"font-size: 14.96px; font-weight: bolder;\\\">Langkah-langkah membuat pesanan baru:<\\/span><ul style=\\\"font-size: 14.96px;\\\"><li>Pilih salah satu Kategori.<\\/li><li>Pilih salah satu Layanan yang ingin dipesan.<\\/li><li>Masukkan Target pesanan sesuai ketentuan yang diberikan layanan tersebut.<\\/li><li>Masukkan Jumlah Pesanan yang diinginkan.<\\/li><li>Klik Submit untuk membuat pesanan baru.<\\/li><\\/ul><span style=\\\"font-size: 14.96px; font-weight: bolder;\\\">Ketentuan membuat pesanan baru:<\\/span><ul style=\\\"font-size: 14.96px;\\\"><li>Tidak ada refund jika ada kesalahan dalam pemesanan.<\\/li><li>Silahkan membuat pesanan sesuai langkah-langkah diatas.<\\/li><li>Jika terjadi kesalahan \\/ mendapatkan pesan gagal yang kurang jelas, silahkan hubungi Admin untuk informasi lebih lanjut.<\\/li><\\/ul>\",\"deposit_info\":\"<h4><span style=\\\"color: rgb(116, 122, 128); font-size: 14.96px;\\\">Penting:<\\/span><br><\\/h4><ul><li>Anda hanya dapat memiliki maksimal 3 permintaan deposit Pending, jadi jangan melakukan&nbsp;<i>spam<\\/i>&nbsp;dan segera lunasi pembayaran.<\\/li><li>Jika permintaan deposit tidak dibayar dalam waktu lebih dari 24 jam, maka permintaan deposit akan otomatis dibatalkan.<\\/li><\\/ul>\"}'),(12,'socials','{\"facebook\":\"\",\"instagram\":\"\",\"whatsapp\":\"\",\"telegram\":\"\",\"twitter\":\"\"}'),(13,'smtp','{\"auth\":\"1\",\"host\":\"mail.frozenreload.com\",\"port\":\"465\",\"from\":\"support@frozenreload.com\",\"encryption\":\"ssl\",\"username\":\"support@frozenreload.com\",\"password\":\"frozenreload213\"}'),(14,'notification','{\"email\":null,\"order\":\"1\",\"deposit\":\"1\",\"ticket\":\"1\"}'),(15,'last_update_products','2021-07-29 20:57'),(16,'product_profit','{\"agen_price\":\"25\",\"reseller_price\":\"1\",\"order_bonus\":\"1\"}'),(17,'banner','{\"value\":\"\"}'),(18,'signature_wa','{\"value\":\"Ezpay\"}'),(19,'mid_server','{\"value\":\"SB-Mid-server-9jYppv-KVnuEaRwZR-lEema4k\"}'),(20,'mid_client','{\"value\":\"SB-Mid-client-6STL5GVRh2O7KnPQi\"}'),(21,'bonus_point','{\"jawab\":\"2\",\"upline\":\"20\",\"adminwd\":\"10000\",\"minwd\":\"30000\"}');

#
# Structure for table "website_information"
#

CREATE TABLE `website_information` (
  `id` bigint(20) unsigned NOT NULL AUTO_INCREMENT,
  `title` varchar(255) COLLATE utf8mb4_unicode_ci DEFAULT NULL,
  `category` enum('Info','Maintenance','Update','Product','Service','Other') COLLATE utf8mb4_unicode_ci NOT NULL DEFAULT 'Info',
  `content` longtext COLLATE utf8mb4_unicode_ci NOT NULL,
  `is_popup` enum('0','1') COLLATE utf8mb4_unicode_ci NOT NULL DEFAULT '0',
  `created_at` timestamp NOT NULL DEFAULT current_timestamp(),
  PRIMARY KEY (`id`)
) ENGINE=InnoDB AUTO_INCREMENT=4 DEFAULT CHARSET=utf8mb4 COLLATE=utf8mb4_unicode_ci ROW_FORMAT=DYNAMIC;

#
# Data for table "website_information"
#

INSERT INTO `website_information` VALUES (1,NULL,'Info','<p>asfdasfdas fasdf asdf sa fd<br></p>','0','2022-04-12 20:42:38'),(2,'tester','Info','<p>tester text<br></p>','0','2022-04-12 21:08:43'),(3,'sadf asdfas dfsa','Info','<p>asdf asdf sa</p><p><img style=\"width: 744px;\" src=\"data:image/jpeg;base64,/9j/4RccRXhpZgAATU0AKgAAAAgABwESAAMAAAABAAEAAAEaAAUAAAABAAAAYgEbAAUAAAABAAAAagEoAAMAAAABAAIAAAExAAIAAAAeAAAAcgEyAAIAAAAUAAAAkIdpAAQAAAABAAAApAAAANAACvyAAAAnEAAK/IAAACcQQWRvYmUgUGhvdG9zaG9wIENTNiAoV2luZG93cykAMjAyMTowODoxMyAxNDoyODozMQAAA6ABAAMAAAABAAEAAKACAAQAAAABAAAE6KADAAQAAAABAAABqAAAAAAAAAAGAQMAAwAAAAEABgAAARoABQAAAAEAAAEeARsABQAAAAEAAAEmASgAAwAAAAEAAgAAAgEABAAAAAEAAAEuAgIABAAAAAEAABXmAAAAAAAAAEgAAAABAAAASAAAAAH/2P/iDFhJQ0NfUFJPRklMRQABAQAADEhMaW5vAhAAAG1udHJSR0IgWFlaIAfOAAIACQAGADEAAGFjc3BNU0ZUAAAAAElFQyBzUkdCAAAAAAAAAAAAAAAAAAD21gABAAAAANMtSFAgIAAAAAAAAAAAAAAAAAAAAAAAAAAAAAAAAAAAAAAAAAAAAAAAAAAAAAAAAAAAAAAAEWNwcnQAAAFQAAAAM2Rlc2MAAAGEAAAAbHd0cHQAAAHwAAAAFGJrcHQAAAIEAAAAFHJYWVoAAAIYAAAAFGdYWVoAAAIsAAAAFGJYWVoAAAJAAAAAFGRtbmQAAAJUAAAAcGRtZGQAAALEAAAAiHZ1ZWQAAANMAAAAhnZpZXcAAAPUAAAAJGx1bWkAAAP4AAAAFG1lYXMAAAQMAAAAJHRlY2gAAAQwAAAADHJUUkMAAAQ8AAAIDGdUUkMAAAQ8AAAIDGJUUkMAAAQ8AAAIDHRleHQAAAAAQ29weXJpZ2h0IChjKSAxOTk4IEhld2xldHQtUGFja2FyZCBDb21wYW55AABkZXNjAAAAAAAAABJzUkdCIElFQzYxOTY2LTIuMQAAAAAAAAAAAAAAEnNSR0IgSUVDNjE5NjYtMi4xAAAAAAAAAAAAAAAAAAAAAAAAAAAAAAAAAAAAAAAAAAAAAAAAAAAAAAAAAAAAAAAAAABYWVogAAAAAAAA81EAAQAAAAEWzFhZWiAAAAAAAAAAAAAAAAAAAAAAWFlaIAAAAAAAAG+iAAA49QAAA5BYWVogAAAAAAAAYpkAALeFAAAY2lhZWiAAAAAAAAAkoAAAD4QAALbPZGVzYwAAAAAAAAAWSUVDIGh0dHA6Ly93d3cuaWVjLmNoAAAAAAAAAAAAAAAWSUVDIGh0dHA6Ly93d3cuaWVjLmNoAAAAAAAAAAAAAAAAAAAAAAAAAAAAAAAAAAAAAAAAAAAAAAAAAAAAAAAAAAAAAGRlc2MAAAAAAAAALklFQyA2MTk2Ni0yLjEgRGVmYXVsdCBSR0IgY29sb3VyIHNwYWNlIC0gc1JHQgAAAAAAAAAAAAAALklFQyA2MTk2Ni0yLjEgRGVmYXVsdCBSR0IgY29sb3VyIHNwYWNlIC0gc1JHQgAAAAAAAAAAAAAAAAAAAAAAAAAAAABkZXNjAAAAAAAAACxSZWZlcmVuY2UgVmlld2luZyBDb25kaXRpb24gaW4gSUVDNjE5NjYtMi4xAAAAAAAAAAAAAAAsUmVmZXJlbmNlIFZpZXdpbmcgQ29uZGl0aW9uIGluIElFQzYxOTY2LTIuMQAAAAAAAAAAAAAAAAAAAAAAAAAAAAAAAAAAdmlldwAAAAAAE6T+ABRfLgAQzxQAA+3MAAQTCwADXJ4AAAABWFlaIAAAAAAATAlWAFAAAABXH+dtZWFzAAAAAAAAAAEAAAAAAAAAAAAAAAAAAAAAAAACjwAAAAJzaWcgAAAAAENSVCBjdXJ2AAAAAAAABAAAAAAFAAoADwAUABkAHgAjACgALQAyADcAOwBAAEUASgBPAFQAWQBeAGMAaABtAHIAdwB8AIEAhgCLAJAAlQCaAJ8ApACpAK4AsgC3ALwAwQDGAMsA0ADVANsA4ADlAOsA8AD2APsBAQEHAQ0BEwEZAR8BJQErATIBOAE+AUUBTAFSAVkBYAFnAW4BdQF8AYMBiwGSAZoBoQGpAbEBuQHBAckB0QHZAeEB6QHyAfoCAwIMAhQCHQImAi8COAJBAksCVAJdAmcCcQJ6AoQCjgKYAqICrAK2AsECywLVAuAC6wL1AwADCwMWAyEDLQM4A0MDTwNaA2YDcgN+A4oDlgOiA64DugPHA9MD4APsA/kEBgQTBCAELQQ7BEgEVQRjBHEEfgSMBJoEqAS2BMQE0wThBPAE/gUNBRwFKwU6BUkFWAVnBXcFhgWWBaYFtQXFBdUF5QX2BgYGFgYnBjcGSAZZBmoGewaMBp0GrwbABtEG4wb1BwcHGQcrBz0HTwdhB3QHhgeZB6wHvwfSB+UH+AgLCB8IMghGCFoIbgiCCJYIqgi+CNII5wj7CRAJJQk6CU8JZAl5CY8JpAm6Cc8J5Qn7ChEKJwo9ClQKagqBCpgKrgrFCtwK8wsLCyILOQtRC2kLgAuYC7ALyAvhC/kMEgwqDEMMXAx1DI4MpwzADNkM8w0NDSYNQA1aDXQNjg2pDcMN3g34DhMOLg5JDmQOfw6bDrYO0g7uDwkPJQ9BD14Peg+WD7MPzw/sEAkQJhBDEGEQfhCbELkQ1xD1ERMRMRFPEW0RjBGqEckR6BIHEiYSRRJkEoQSoxLDEuMTAxMjE0MTYxODE6QTxRPlFAYUJxRJFGoUixStFM4U8BUSFTQVVhV4FZsVvRXgFgMWJhZJFmwWjxayFtYW+hcdF0EXZReJF64X0hf3GBsYQBhlGIoYrxjVGPoZIBlFGWsZkRm3Gd0aBBoqGlEadxqeGsUa7BsUGzsbYxuKG7Ib2hwCHCocUhx7HKMczBz1HR4dRx1wHZkdwx3sHhYeQB5qHpQevh7pHxMfPh9pH5Qfvx/qIBUgQSBsIJggxCDwIRwhSCF1IaEhziH7IiciVSKCIq8i3SMKIzgjZiOUI8Ij8CQfJE0kfCSrJNolCSU4JWgllyXHJfcmJyZXJocmtyboJxgnSSd6J6sn3CgNKD8ocSiiKNQpBik4KWspnSnQKgIqNSpoKpsqzysCKzYraSudK9EsBSw5LG4soizXLQwtQS12Last4S4WLkwugi63Lu4vJC9aL5Evxy/+MDUwbDCkMNsxEjFKMYIxujHyMioyYzKbMtQzDTNGM38zuDPxNCs0ZTSeNNg1EzVNNYc1wjX9Njc2cjauNuk3JDdgN5w31zgUOFA4jDjIOQU5Qjl/Obw5+To2OnQ6sjrvOy07azuqO+g8JzxlPKQ84z0iPWE9oT3gPiA+YD6gPuA/IT9hP6I/4kAjQGRApkDnQSlBakGsQe5CMEJyQrVC90M6Q31DwEQDREdEikTORRJFVUWaRd5GIkZnRqtG8Ec1R3tHwEgFSEtIkUjXSR1JY0mpSfBKN0p9SsRLDEtTS5pL4kwqTHJMuk0CTUpNk03cTiVObk63TwBPSU+TT91QJ1BxULtRBlFQUZtR5lIxUnxSx1MTU19TqlP2VEJUj1TbVShVdVXCVg9WXFapVvdXRFeSV+BYL1h9WMtZGllpWbhaB1pWWqZa9VtFW5Vb5Vw1XIZc1l0nXXhdyV4aXmxevV8PX2Ffs2AFYFdgqmD8YU9homH1YklinGLwY0Njl2PrZEBklGTpZT1lkmXnZj1mkmboZz1nk2fpaD9olmjsaUNpmmnxakhqn2r3a09rp2v/bFdsr20IbWBtuW4SbmtuxG8eb3hv0XArcIZw4HE6cZVx8HJLcqZzAXNdc7h0FHRwdMx1KHWFdeF2Pnabdvh3VnezeBF4bnjMeSp5iXnnekZ6pXsEe2N7wnwhfIF84X1BfaF+AX5ifsJ/I3+Ef+WAR4CogQqBa4HNgjCCkoL0g1eDuoQdhICE44VHhauGDoZyhteHO4efiASIaYjOiTOJmYn+imSKyoswi5aL/IxjjMqNMY2Yjf+OZo7OjzaPnpAGkG6Q1pE/kaiSEZJ6kuOTTZO2lCCUipT0lV+VyZY0lp+XCpd1l+CYTJi4mSSZkJn8mmia1ZtCm6+cHJyJnPedZJ3SnkCerp8dn4uf+qBpoNihR6G2oiailqMGo3aj5qRWpMelOKWpphqmi6b9p26n4KhSqMSpN6mpqhyqj6sCq3Wr6axcrNCtRK24ri2uoa8Wr4uwALB1sOqxYLHWskuywrM4s660JbSctRO1irYBtnm28Ldot+C4WbjRuUq5wro7urW7LrunvCG8m70VvY++Cr6Evv+/er/1wHDA7MFnwePCX8Lbw1jD1MRRxM7FS8XIxkbGw8dBx7/IPci8yTrJuco4yrfLNsu2zDXMtc01zbXONs62zzfPuNA50LrRPNG+0j/SwdNE08bUSdTL1U7V0dZV1tjXXNfg2GTY6Nls2fHadtr724DcBdyK3RDdlt4c3qLfKd+v4DbgveFE4cziU+Lb42Pj6+Rz5PzlhOYN5pbnH+ep6DLovOlG6dDqW+rl63Dr++yG7RHtnO4o7rTvQO/M8Fjw5fFy8f/yjPMZ86f0NPTC9VD13vZt9vv3ivgZ+Kj5OPnH+lf65/t3/Af8mP0p/br+S/7c/23////tAAxBZG9iZV9DTQAB/+4ADkFkb2JlAGSAAAAAAf/bAIQADAgICAkIDAkJDBELCgsRFQ8MDA8VGBMTFRMTGBEMDAwMDAwRDAwMDAwMDAwMDAwMDAwMDAwMDAwMDAwMDAwMDAENCwsNDg0QDg4QFA4ODhQUDg4ODhQRDAwMDAwREQwMDAwMDBEMDAwMDAwMDAwMDAwMDAwMDAwMDAwMDAwMDAwM/8AAEQgANgCgAwEiAAIRAQMRAf/dAAQACv/EAT8AAAEFAQEBAQEBAAAAAAAAAAMAAQIEBQYHCAkKCwEAAQUBAQEBAQEAAAAAAAAAAQACAwQFBgcICQoLEAABBAEDAgQCBQcGCAUDDDMBAAIRAwQhEjEFQVFhEyJxgTIGFJGhsUIjJBVSwWIzNHKC0UMHJZJT8OHxY3M1FqKygyZEk1RkRcKjdDYX0lXiZfKzhMPTdePzRieUpIW0lcTU5PSltcXV5fVWZnaGlqa2xtbm9jdHV2d3h5ent8fX5/cRAAICAQIEBAMEBQYHBwYFNQEAAhEDITESBEFRYXEiEwUygZEUobFCI8FS0fAzJGLhcoKSQ1MVY3M08SUGFqKygwcmNcLSRJNUoxdkRVU2dGXi8rOEw9N14/NGlKSFtJXE1OT0pbXF1eX1VmZ2hpamtsbW5vYnN0dXZ3eHl6e3x//aAAwDAQACEQMRAD8A2EklZHT8lw3M2Pb2Ie0Tpu/whY72q+SBu81GMpfKCfLVrJKwMDJLN42aFwI3tBG07XcnZ2/eTs6dkv3D2NLHbXBzgDMb+0tQ4h3C72p6ek6+DWSVn9n5MtaSwF+6JdEbQXe7T+SouwcloeXhrRWz1DL2n2yW+3aXfupcQ7o9uf7p+xAkrQ6ZlkxFYMxBsZI89HFR+wZQ2y1o36NPqMgmHPjR38hLiHcJ9rJ+5L7C10lKxjq3ureIcww4Ag6/1m+1RRWKSSSSUpJJJJT1vRc45uEDYZuqPp2+ZH0X/wDXGLQXMfVq4sz31T7bqzp/KYfb/wBF7106p5Y8MyB5u7yeU5MMSdZD0y/wVKnR1bAyLxRVbuc6RW/a4V2Fs+o3Huc30sh1e33+i96sPcx26ncBY5p9s6wdN20FrlgY/TsoZ2My2KvsddbbP0rfScytxdU+rHZttf8A6Jnrsxfsn6T07M31LfUfixwkJcRogXH+X6TLOUgY8Iu93o0kklCyP//Q2DqIR3ZWO8knExyeCfcO0D6LmtVc8H4LQtyGB7T9qoJZADXVuBAcGtdu+l7Gfzv0lePR5yGx1A234P8Au2q3Ipa3a7GpsAII3gzoA2NzS391JmRSGkPx6rWmD75kRM+8Hd7tysvvqFbj9oxZABaGUuaS5p9SpjtG7Nzmp3W1udLcrELh7w70SHmAS51nt2737vez/CIX4H/nL+H+vH/xrr/htS63Hsbtrx66TuJlhJkfmt9yFtb4BabL2veam5GJrBBdT7XCNz3tkfmv3fTVUY1DmgjJAd3Y6t88u2bdoO7ftRB8/wDnFbPHZsGJ/wDC4fL/AHZNba3wH3JbW+AVgUYxAP2utpIna4OBED3NJjbva72oLgGuc0ODwCQHDgj94Sjawxrt9DGX/RW44SSSSQpJJJJSkkkiQBJ0A5KSnS+rtZf1RrhxXW9x+e1n/fl1ayfq/wBPfi4zr7m7bsiDtPLWD+baf5Xu3uTZfVcqnqP2dnphofU1tDw71bm2H9Ldju3NZto/O9ln83Z6vpKtMHJMiP6IdnlawcvEzsHJK68//QIJsjpNeTkOuvqot3d3Mdu0+hu/SbHe3/PUP2NW+oVWVY5Y3cWgtcQNznv/AHx/pbPb+YgjrXWnN3t6HcWwTrdU10AkfQe5rt7mt+gi5/VM7GzcSivHDmXbfU0e5zi47X1UOqYaWOob+lssyX1V7P8Arj6ljnlkRGJ2FjWvlbMxjgOKQ3Nd/mbGD09uG53psprbZ9P02uBJB9kuc937zldVJmbluicJ4kNJO5sauc14/e3NY3f9FWMa2y2ltltRoe6ZrcQSIMct9qZkEyeKRBO24KYSjtG++xi//9HXOoI58lpjNbuJGc6NugfQ0mY7u2/vfQWakrxiC85DIYXXXxlHb+5KLoNywytjW5zy0ezb6LdzWtaWtf7t279xvuS+1tYAa852pcS00Nn3Fzn7n7T7n7n7VnpIcA/kIrvfn/KWT/1Y6H2ln6OM5wIdvH6FsNLy/dud7fo+ta93/GJjlssaN+ZY12jnRSDLmHfXtLNjvpbfpKgklwD+Qir35fylk/79uW59zWtbTkm1sFrgamsgcDs7du9yp8aJJJwACyU5SNknwFylX+PxKSSSSWqSUqq7b3bKGOtd3DAXR/Wj6P8AaWri/VvMth2S4Y7P3RD3/wDpNn/giEpRjuaZMeHJkPoiZeP6P+M5ABc4NaC5zjDWgSSfBrR9Jb/SegFjm5OcPe0zXRyARw+395/8j/VmphdMw8EfoGe8iHWO1ef7X/fWqy5zWNL3aNaCSfIKvkzE6R0Hd0uW+HiBE8pEpDaI+Qf98us3HwurV9Qyb7MsOxrf5ioidurTq2GfRaHs+mrP7S6cRP2qmB/wjf8AySl9vwt205FYdO3aXAGZ28EqvKIlV3p2NOnDIYiQAHqFeoCX2cS+zK/0rJnswxHn+kVLL6ZmX5T7a8y2pjtu1jHEAABrbG/S2e9nqbHen6ld13r/AKX0cequ59uwvUNRvrFjSQWFwDpH0ht+Sj+0cAc5FQ03QXiY8Yn+UnR9O34+r/pLSSe32U5vUOl9Qf0HKw67XZWTa5rmbnlntDqy+oWuc5zd7GP/AD/p2fo/Tp9OpQ+q3Tc7BdmnKp+zV3PYaavV9XRrdr3TJ+k5ap6l09vOVUPi9v8Aei1302Ocyt7XuZBcGkGNw3Mn+s1NlG58Z3Zo8zOOCWAAcEzxE68X6H9bh/yf7r//0thJeJJK+8y+2pLxJJJT7akvEkklPtqnXU1/Ntdf9ff/AOi67F4ekkUxq9a+v/oL73Th9L0N/UPi2upw/wCnY1//AJ7V/FZ9VmPDS8WP/eyN+3/wRrKF86pKKd9eP/B4f+5bmHgscP3f/qnu8X+D7r9T0+j6bfQ2+l+bsjb/AGdvtU18qpKqd3YjsNtumz9VJL5VSSS/U/6Pfpt9SBPE7Z9v9lO709N23nSY5/8AJL5XSSU/U7vTn3bZjvHGiT/Sj37YkRuiJkbef5a+WEklP1QPTkxE948dP/ME7duu2POPFfKySSn/2f/tIIpQaG90b3Nob3AgMy4wADhCSU0EJQAAAAAAEAAAAAAAAAAAAAAAAAAAAAA4QklNBDoAAAAAAQcAAAAQAAAAAQAAAAAAC3ByaW50T3V0cHV0AAAABQAAAABQc3RTYm9vbAEAAAAASW50ZWVudW0AAAAASW50ZQAAAABDbHJtAAAAD3ByaW50U2l4dGVlbkJpdGJvb2wAAAAAC3ByaW50ZXJOYW1lVEVYVAAAABIARQBQAFMATwBOACAATAAxADIAMAAgAFMAZQByAGkAZQBzAAAAAAAPcHJpbnRQcm9vZlNldHVwT2JqYwAAAAwAUAByAG8AbwBmACAAUwBlAHQAdQBwAAAAAAAKcHJvb2ZTZXR1cAAAAAEAAAAAQmx0bmVudW0AAAAMYnVpbHRpblByb29mAAAACXByb29mQ01ZSwA4QklNBDsAAAAAAi0AAAAQAAAAAQAAAAAAEnByaW50T3V0cHV0T3B0aW9ucwAAABcAAAAAQ3B0bmJvb2wAAAAAAENsYnJib29sAAAAAABSZ3NNYm9vbAAAAAAAQ3JuQ2Jvb2wAAAAAAENudENib29sAAAAAABMYmxzYm9vbAAAAAAATmd0dmJvb2wAAAAAAEVtbERib29sAAAAAABJbnRyYm9vbAAAAAAAQmNrZ09iamMAAAABAAAAAAAAUkdCQwAAAAMAAAAAUmQgIGRvdWJAb+AAAAAAAAAAAABHcm4gZG91YkBv4AAAAAAAAAAAAEJsICBkb3ViQG/gAAAAAAAAAAAAQnJkVFVudEYjUmx0AAAAAAAAAAAAAAAAQmxkIFVudEYjUmx0AAAAAAAAAAAAAAAAUnNsdFVudEYjUHhsQFIAAAAAAAAAAAAKdmVjdG9yRGF0YWJvb2wBAAAAAFBnUHNlbnVtAAAAAFBnUHMAAAAAUGdQQwAAAABMZWZ0VW50RiNSbHQAAAAAAAAAAAAAAABUb3AgVW50RiNSbHQAAAAAAAAAAAAAAABTY2wgVW50RiNQcmNAWQAAAAAAAAAAABBjcm9wV2hlblByaW50aW5nYm9vbAAAAAAOY3JvcFJlY3RCb3R0b21sb25nAAAAAAAAAAxjcm9wUmVjdExlZnRsb25nAAAAAAAAAA1jcm9wUmVjdFJpZ2h0bG9uZwAAAAAAAAALY3JvcFJlY3RUb3Bsb25nAAAAAAA4QklNA+0AAAAAABAASAAAAAEAAgBIAAAAAQACOEJJTQQmAAAAAAAOAAAAAAAAAAAAAD+AAAA4QklNBA0AAAAAAAQAAAB4OEJJTQQZAAAAAAAEAAAAHjhCSU0D8wAAAAAACQAAAAAAAAAAAQA4QklNJxAAAAAAAAoAAQAAAAAAAAACOEJJTQP1AAAAAABIAC9mZgABAGxmZgAGAAAAAAABAC9mZgABAKGZmgAGAAAAAAABADIAAAABAFoAAAAGAAAAAAABADUAAAABAC0AAAAGAAAAAAABOEJJTQP4AAAAAABwAAD/////////////////////////////A+gAAAAA/////////////////////////////wPoAAAAAP////////////////////////////8D6AAAAAD/////////////////////////////A+gAADhCSU0EAAAAAAAAAgAJOEJJTQQCAAAAAAAcAAAAAAAAAAAAAAAAAAAAAAAAAAAAAAAAAAAAADhCSU0EMAAAAAAADgEBAQEBAQEBAQEBAQEBOEJJTQQtAAAAAAAGAAEAAAAPOEJJTQQIAAAAAAAQAAAAAQAAAkAAAAJAAAAAADhCSU0EHgAAAAAABAAAAAA4QklNBBoAAAAAA0sAAAAGAAAAAAAAAAAAAAGoAAAE6AAAAAsAaQBrAGwAYQBuAGgAZQBhAGQAZQByAAAAAQAAAAAAAAAAAAAAAAAAAAAAAAABAAAAAAAAAAAAAAToAAABqAAAAAAAAAAAAAAAAAAAAAABAAAAAAAAAAAAAAAAAAAAAAAAABAAAAABAAAAAAAAbnVsbAAAAAIAAAAGYm91bmRzT2JqYwAAAAEAAAAAAABSY3QxAAAABAAAAABUb3AgbG9uZwAAAAAAAAAATGVmdGxvbmcAAAAAAAAAAEJ0b21sb25nAAABqAAAAABSZ2h0bG9uZwAABOgAAAAGc2xpY2VzVmxMcwAAAAFPYmpjAAAAAQAAAAAABXNsaWNlAAAAEgAAAAdzbGljZUlEbG9uZwAAAAAAAAAHZ3JvdXBJRGxvbmcAAAAAAAAABm9yaWdpbmVudW0AAAAMRVNsaWNlT3JpZ2luAAAADWF1dG9HZW5lcmF0ZWQAAAAAVHlwZWVudW0AAAAKRVNsaWNlVHlwZQAAAABJbWcgAAAABmJvdW5kc09iamMAAAABAAAAAAAAUmN0MQAAAAQAAAAAVG9wIGxvbmcAAAAAAAAAAExlZnRsb25nAAAAAAAAAABCdG9tbG9uZwAAAagAAAAAUmdodGxvbmcAAAToAAAAA3VybFRFWFQAAAABAAAAAAAAbnVsbFRFWFQAAAABAAAAAAAATXNnZVRFWFQAAAABAAAAAAAGYWx0VGFnVEVYVAAAAAEAAAAAAA5jZWxsVGV4dElzSFRNTGJvb2wBAAAACGNlbGxUZXh0VEVYVAAAAAEAAAAAAAlob3J6QWxpZ25lbnVtAAAAD0VTbGljZUhvcnpBbGlnbgAAAAdkZWZhdWx0AAAACXZlcnRBbGlnbmVudW0AAAAPRVNsaWNlVmVydEFsaWduAAAAB2RlZmF1bHQAAAALYmdDb2xvclR5cGVlbnVtAAAAEUVTbGljZUJHQ29sb3JUeXBlAAAAAE5vbmUAAAAJdG9wT3V0c2V0bG9uZwAAAAAAAAAKbGVmdE91dHNldGxvbmcAAAAAAAAADGJvdHRvbU91dHNldGxvbmcAAAAAAAAAC3JpZ2h0T3V0c2V0bG9uZwAAAAAAOEJJTQQoAAAAAAAMAAAAAj/wAAAAAAAAOEJJTQQUAAAAAAAEAAAAFDhCSU0EDAAAAAAWAgAAAAEAAACgAAAANgAAAeAAAGVAAAAV5gAYAAH/2P/iDFhJQ0NfUFJPRklMRQABAQAADEhMaW5vAhAAAG1udHJSR0IgWFlaIAfOAAIACQAGADEAAGFjc3BNU0ZUAAAAAElFQyBzUkdCAAAAAAAAAAAAAAAAAAD21gABAAAAANMtSFAgIAAAAAAAAAAAAAAAAAAAAAAAAAAAAAAAAAAAAAAAAAAAAAAAAAAAAAAAAAAAAAAAEWNwcnQAAAFQAAAAM2Rlc2MAAAGEAAAAbHd0cHQAAAHwAAAAFGJrcHQAAAIEAAAAFHJYWVoAAAIYAAAAFGdYWVoAAAIsAAAAFGJYWVoAAAJAAAAAFGRtbmQAAAJUAAAAcGRtZGQAAALEAAAAiHZ1ZWQAAANMAAAAhnZpZXcAAAPUAAAAJGx1bWkAAAP4AAAAFG1lYXMAAAQMAAAAJHRlY2gAAAQwAAAADHJUUkMAAAQ8AAAIDGdUUkMAAAQ8AAAIDGJUUkMAAAQ8AAAIDHRleHQAAAAAQ29weXJpZ2h0IChjKSAxOTk4IEhld2xldHQtUGFja2FyZCBDb21wYW55AABkZXNjAAAAAAAAABJzUkdCIElFQzYxOTY2LTIuMQAAAAAAAAAAAAAAEnNSR0IgSUVDNjE5NjYtMi4xAAAAAAAAAAAAAAAAAAAAAAAAAAAAAAAAAAAAAAAAAAAAAAAAAAAAAAAAAAAAAAAAAABYWVogAAAAAAAA81EAAQAAAAEWzFhZWiAAAAAAAAAAAAAAAAAAAAAAWFlaIAAAAAAAAG+iAAA49QAAA5BYWVogAAAAAAAAYpkAALeFAAAY2lhZWiAAAAAAAAAkoAAAD4QAALbPZGVzYwAAAAAAAAAWSUVDIGh0dHA6Ly93d3cuaWVjLmNoAAAAAAAAAAAAAAAWSUVDIGh0dHA6Ly93d3cuaWVjLmNoAAAAAAAAAAAAAAAAAAAAAAAAAAAAAAAAAAAAAAAAAAAAAAAAAAAAAAAAAAAAAGRlc2MAAAAAAAAALklFQyA2MTk2Ni0yLjEgRGVmYXVsdCBSR0IgY29sb3VyIHNwYWNlIC0gc1JHQgAAAAAAAAAAAAAALklFQyA2MTk2Ni0yLjEgRGVmYXVsdCBSR0IgY29sb3VyIHNwYWNlIC0gc1JHQgAAAAAAAAAAAAAAAAAAAAAAAAAAAABkZXNjAAAAAAAAACxSZWZlcmVuY2UgVmlld2luZyBDb25kaXRpb24gaW4gSUVDNjE5NjYtMi4xAAAAAAAAAAAAAAAsUmVmZXJlbmNlIFZpZXdpbmcgQ29uZGl0aW9uIGluIElFQzYxOTY2LTIuMQAAAAAAAAAAAAAAAAAAAAAAAAAAAAAAAAAAdmlldwAAAAAAE6T+ABRfLgAQzxQAA+3MAAQTCwADXJ4AAAABWFlaIAAAAAAATAlWAFAAAABXH+dtZWFzAAAAAAAAAAEAAAAAAAAAAAAAAAAAAAAAAAACjwAAAAJzaWcgAAAAAENSVCBjdXJ2AAAAAAAABAAAAAAFAAoADwAUABkAHgAjACgALQAyADcAOwBAAEUASgBPAFQAWQBeAGMAaABtAHIAdwB8AIEAhgCLAJAAlQCaAJ8ApACpAK4AsgC3ALwAwQDGAMsA0ADVANsA4ADlAOsA8AD2APsBAQEHAQ0BEwEZAR8BJQErATIBOAE+AUUBTAFSAVkBYAFnAW4BdQF8AYMBiwGSAZoBoQGpAbEBuQHBAckB0QHZAeEB6QHyAfoCAwIMAhQCHQImAi8COAJBAksCVAJdAmcCcQJ6AoQCjgKYAqICrAK2AsECywLVAuAC6wL1AwADCwMWAyEDLQM4A0MDTwNaA2YDcgN+A4oDlgOiA64DugPHA9MD4APsA/kEBgQTBCAELQQ7BEgEVQRjBHEEfgSMBJoEqAS2BMQE0wThBPAE/gUNBRwFKwU6BUkFWAVnBXcFhgWWBaYFtQXFBdUF5QX2BgYGFgYnBjcGSAZZBmoGewaMBp0GrwbABtEG4wb1BwcHGQcrBz0HTwdhB3QHhgeZB6wHvwfSB+UH+AgLCB8IMghGCFoIbgiCCJYIqgi+CNII5wj7CRAJJQk6CU8JZAl5CY8JpAm6Cc8J5Qn7ChEKJwo9ClQKagqBCpgKrgrFCtwK8wsLCyILOQtRC2kLgAuYC7ALyAvhC/kMEgwqDEMMXAx1DI4MpwzADNkM8w0NDSYNQA1aDXQNjg2pDcMN3g34DhMOLg5JDmQOfw6bDrYO0g7uDwkPJQ9BD14Peg+WD7MPzw/sEAkQJhBDEGEQfhCbELkQ1xD1ERMRMRFPEW0RjBGqEckR6BIHEiYSRRJkEoQSoxLDEuMTAxMjE0MTYxODE6QTxRPlFAYUJxRJFGoUixStFM4U8BUSFTQVVhV4FZsVvRXgFgMWJhZJFmwWjxayFtYW+hcdF0EXZReJF64X0hf3GBsYQBhlGIoYrxjVGPoZIBlFGWsZkRm3Gd0aBBoqGlEadxqeGsUa7BsUGzsbYxuKG7Ib2hwCHCocUhx7HKMczBz1HR4dRx1wHZkdwx3sHhYeQB5qHpQevh7pHxMfPh9pH5Qfvx/qIBUgQSBsIJggxCDwIRwhSCF1IaEhziH7IiciVSKCIq8i3SMKIzgjZiOUI8Ij8CQfJE0kfCSrJNolCSU4JWgllyXHJfcmJyZXJocmtyboJxgnSSd6J6sn3CgNKD8ocSiiKNQpBik4KWspnSnQKgIqNSpoKpsqzysCKzYraSudK9EsBSw5LG4soizXLQwtQS12Last4S4WLkwugi63Lu4vJC9aL5Evxy/+MDUwbDCkMNsxEjFKMYIxujHyMioyYzKbMtQzDTNGM38zuDPxNCs0ZTSeNNg1EzVNNYc1wjX9Njc2cjauNuk3JDdgN5w31zgUOFA4jDjIOQU5Qjl/Obw5+To2OnQ6sjrvOy07azuqO+g8JzxlPKQ84z0iPWE9oT3gPiA+YD6gPuA/IT9hP6I/4kAjQGRApkDnQSlBakGsQe5CMEJyQrVC90M6Q31DwEQDREdEikTORRJFVUWaRd5GIkZnRqtG8Ec1R3tHwEgFSEtIkUjXSR1JY0mpSfBKN0p9SsRLDEtTS5pL4kwqTHJMuk0CTUpNk03cTiVObk63TwBPSU+TT91QJ1BxULtRBlFQUZtR5lIxUnxSx1MTU19TqlP2VEJUj1TbVShVdVXCVg9WXFapVvdXRFeSV+BYL1h9WMtZGllpWbhaB1pWWqZa9VtFW5Vb5Vw1XIZc1l0nXXhdyV4aXmxevV8PX2Ffs2AFYFdgqmD8YU9homH1YklinGLwY0Njl2PrZEBklGTpZT1lkmXnZj1mkmboZz1nk2fpaD9olmjsaUNpmmnxakhqn2r3a09rp2v/bFdsr20IbWBtuW4SbmtuxG8eb3hv0XArcIZw4HE6cZVx8HJLcqZzAXNdc7h0FHRwdMx1KHWFdeF2Pnabdvh3VnezeBF4bnjMeSp5iXnnekZ6pXsEe2N7wnwhfIF84X1BfaF+AX5ifsJ/I3+Ef+WAR4CogQqBa4HNgjCCkoL0g1eDuoQdhICE44VHhauGDoZyhteHO4efiASIaYjOiTOJmYn+imSKyoswi5aL/IxjjMqNMY2Yjf+OZo7OjzaPnpAGkG6Q1pE/kaiSEZJ6kuOTTZO2lCCUipT0lV+VyZY0lp+XCpd1l+CYTJi4mSSZkJn8mmia1ZtCm6+cHJyJnPedZJ3SnkCerp8dn4uf+qBpoNihR6G2oiailqMGo3aj5qRWpMelOKWpphqmi6b9p26n4KhSqMSpN6mpqhyqj6sCq3Wr6axcrNCtRK24ri2uoa8Wr4uwALB1sOqxYLHWskuywrM4s660JbSctRO1irYBtnm28Ldot+C4WbjRuUq5wro7urW7LrunvCG8m70VvY++Cr6Evv+/er/1wHDA7MFnwePCX8Lbw1jD1MRRxM7FS8XIxkbGw8dBx7/IPci8yTrJuco4yrfLNsu2zDXMtc01zbXONs62zzfPuNA50LrRPNG+0j/SwdNE08bUSdTL1U7V0dZV1tjXXNfg2GTY6Nls2fHadtr724DcBdyK3RDdlt4c3qLfKd+v4DbgveFE4cziU+Lb42Pj6+Rz5PzlhOYN5pbnH+ep6DLovOlG6dDqW+rl63Dr++yG7RHtnO4o7rTvQO/M8Fjw5fFy8f/yjPMZ86f0NPTC9VD13vZt9vv3ivgZ+Kj5OPnH+lf65/t3/Af8mP0p/br+S/7c/23////tAAxBZG9iZV9DTQAB/+4ADkFkb2JlAGSAAAAAAf/bAIQADAgICAkIDAkJDBELCgsRFQ8MDA8VGBMTFRMTGBEMDAwMDAwRDAwMDAwMDAwMDAwMDAwMDAwMDAwMDAwMDAwMDAENCwsNDg0QDg4QFA4ODhQUDg4ODhQRDAwMDAwREQwMDAwMDBEMDAwMDAwMDAwMDAwMDAwMDAwMDAwMDAwMDAwM/8AAEQgANgCgAwEiAAIRAQMRAf/dAAQACv/EAT8AAAEFAQEBAQEBAAAAAAAAAAMAAQIEBQYHCAkKCwEAAQUBAQEBAQEAAAAAAAAAAQACAwQFBgcICQoLEAABBAEDAgQCBQcGCAUDDDMBAAIRAwQhEjEFQVFhEyJxgTIGFJGhsUIjJBVSwWIzNHKC0UMHJZJT8OHxY3M1FqKygyZEk1RkRcKjdDYX0lXiZfKzhMPTdePzRieUpIW0lcTU5PSltcXV5fVWZnaGlqa2xtbm9jdHV2d3h5ent8fX5/cRAAICAQIEBAMEBQYHBwYFNQEAAhEDITESBEFRYXEiEwUygZEUobFCI8FS0fAzJGLhcoKSQ1MVY3M08SUGFqKygwcmNcLSRJNUoxdkRVU2dGXi8rOEw9N14/NGlKSFtJXE1OT0pbXF1eX1VmZ2hpamtsbW5vYnN0dXZ3eHl6e3x//aAAwDAQACEQMRAD8A2EklZHT8lw3M2Pb2Ie0Tpu/whY72q+SBu81GMpfKCfLVrJKwMDJLN42aFwI3tBG07XcnZ2/eTs6dkv3D2NLHbXBzgDMb+0tQ4h3C72p6ek6+DWSVn9n5MtaSwF+6JdEbQXe7T+SouwcloeXhrRWz1DL2n2yW+3aXfupcQ7o9uf7p+xAkrQ6ZlkxFYMxBsZI89HFR+wZQ2y1o36NPqMgmHPjR38hLiHcJ9rJ+5L7C10lKxjq3ureIcww4Ag6/1m+1RRWKSSSSUpJJJJT1vRc45uEDYZuqPp2+ZH0X/wDXGLQXMfVq4sz31T7bqzp/KYfb/wBF7106p5Y8MyB5u7yeU5MMSdZD0y/wVKnR1bAyLxRVbuc6RW/a4V2Fs+o3Huc30sh1e33+i96sPcx26ncBY5p9s6wdN20FrlgY/TsoZ2My2KvsddbbP0rfScytxdU+rHZttf8A6Jnrsxfsn6T07M31LfUfixwkJcRogXH+X6TLOUgY8Iu93o0kklCyP//Q2DqIR3ZWO8knExyeCfcO0D6LmtVc8H4LQtyGB7T9qoJZADXVuBAcGtdu+l7Gfzv0lePR5yGx1A234P8Au2q3Ipa3a7GpsAII3gzoA2NzS391JmRSGkPx6rWmD75kRM+8Hd7tysvvqFbj9oxZABaGUuaS5p9SpjtG7Nzmp3W1udLcrELh7w70SHmAS51nt2737vez/CIX4H/nL+H+vH/xrr/htS63Hsbtrx66TuJlhJkfmt9yFtb4BabL2veam5GJrBBdT7XCNz3tkfmv3fTVUY1DmgjJAd3Y6t88u2bdoO7ftRB8/wDnFbPHZsGJ/wDC4fL/AHZNba3wH3JbW+AVgUYxAP2utpIna4OBED3NJjbva72oLgGuc0ODwCQHDgj94Sjawxrt9DGX/RW44SSSSQpJJJJSkkkiQBJ0A5KSnS+rtZf1RrhxXW9x+e1n/fl1ayfq/wBPfi4zr7m7bsiDtPLWD+baf5Xu3uTZfVcqnqP2dnphofU1tDw71bm2H9Ldju3NZto/O9ln83Z6vpKtMHJMiP6IdnlawcvEzsHJK68//QIJsjpNeTkOuvqot3d3Mdu0+hu/SbHe3/PUP2NW+oVWVY5Y3cWgtcQNznv/AHx/pbPb+YgjrXWnN3t6HcWwTrdU10AkfQe5rt7mt+gi5/VM7GzcSivHDmXbfU0e5zi47X1UOqYaWOob+lssyX1V7P8Arj6ljnlkRGJ2FjWvlbMxjgOKQ3Nd/mbGD09uG53psprbZ9P02uBJB9kuc937zldVJmbluicJ4kNJO5sauc14/e3NY3f9FWMa2y2ltltRoe6ZrcQSIMct9qZkEyeKRBO24KYSjtG++xi//9HXOoI58lpjNbuJGc6NugfQ0mY7u2/vfQWakrxiC85DIYXXXxlHb+5KLoNywytjW5zy0ezb6LdzWtaWtf7t279xvuS+1tYAa852pcS00Nn3Fzn7n7T7n7n7VnpIcA/kIrvfn/KWT/1Y6H2ln6OM5wIdvH6FsNLy/dud7fo+ta93/GJjlssaN+ZY12jnRSDLmHfXtLNjvpbfpKgklwD+Qir35fylk/79uW59zWtbTkm1sFrgamsgcDs7du9yp8aJJJwACyU5SNknwFylX+PxKSSSSWqSUqq7b3bKGOtd3DAXR/Wj6P8AaWri/VvMth2S4Y7P3RD3/wDpNn/giEpRjuaZMeHJkPoiZeP6P+M5ABc4NaC5zjDWgSSfBrR9Jb/SegFjm5OcPe0zXRyARw+395/8j/VmphdMw8EfoGe8iHWO1ef7X/fWqy5zWNL3aNaCSfIKvkzE6R0Hd0uW+HiBE8pEpDaI+Qf98us3HwurV9Qyb7MsOxrf5ioidurTq2GfRaHs+mrP7S6cRP2qmB/wjf8AySl9vwt205FYdO3aXAGZ28EqvKIlV3p2NOnDIYiQAHqFeoCX2cS+zK/0rJnswxHn+kVLL6ZmX5T7a8y2pjtu1jHEAABrbG/S2e9nqbHen6ld13r/AKX0cequ59uwvUNRvrFjSQWFwDpH0ht+Sj+0cAc5FQ03QXiY8Yn+UnR9O34+r/pLSSe32U5vUOl9Qf0HKw67XZWTa5rmbnlntDqy+oWuc5zd7GP/AD/p2fo/Tp9OpQ+q3Tc7BdmnKp+zV3PYaavV9XRrdr3TJ+k5ap6l09vOVUPi9v8Aei1302Ocyt7XuZBcGkGNw3Mn+s1NlG58Z3Zo8zOOCWAAcEzxE68X6H9bh/yf7r//0thJeJJK+8y+2pLxJJJT7akvEkklPtqnXU1/Ntdf9ff/AOi67F4ekkUxq9a+v/oL73Th9L0N/UPi2upw/wCnY1//AJ7V/FZ9VmPDS8WP/eyN+3/wRrKF86pKKd9eP/B4f+5bmHgscP3f/qnu8X+D7r9T0+j6bfQ2+l+bsjb/AGdvtU18qpKqd3YjsNtumz9VJL5VSSS/U/6Pfpt9SBPE7Z9v9lO709N23nSY5/8AJL5XSSU/U7vTn3bZjvHGiT/Sj37YkRuiJkbef5a+WEklP1QPTkxE948dP/ME7duu2POPFfKySSn/2ThCSU0EIQAAAAAAVQAAAAEBAAAADwBBAGQAbwBiAGUAIABQAGgAbwB0AG8AcwBoAG8AcAAAABMAQQBkAG8AYgBlACAAUABoAG8AdABvAHMAaABvAHAAIABDAFMANgAAAAEAOEJJTQ+gAAAAAAD4bWFuaUlSRlIAAADsOEJJTUFuRHMAAADMAAAAEAAAAAEAAAAAAABudWxsAAAAAwAAAABBRlN0bG9uZwAAAAAAAAAARnJJblZsTHMAAAABT2JqYwAAAAEAAAAAAABudWxsAAAAAQAAAABGcklEbG9uZ3Q35BIAAAAARlN0c1ZsTHMAAAABT2JqYwAAAAEAAAAAAABudWxsAAAABAAAAABGc0lEbG9uZwAAAAAAAAAAQUZybWxvbmcAAAAAAAAAAEZzRnJWbExzAAAAAWxvbmd0N+QSAAAAAExDbnRsb25nAAAAAAAAOEJJTVJvbGwAAAAIAAAAAAAAAAA4QklND6EAAAAAABxtZnJpAAAAAgAAABAAAAABAAAAAAAAAAEAAAAAOEJJTQQGAAAAAAAHAAEBAQABAQD/4REKaHR0cDovL25zLmFkb2JlLmNvbS94YXAvMS4wLwA8P3hwYWNrZXQgYmVnaW49Iu+7vyIgaWQ9Ilc1TTBNcENlaGlIenJlU3pOVGN6a2M5ZCI/PiA8eDp4bXBtZXRhIHhtbG5zOng9ImFkb2JlOm5zOm1ldGEvIiB4OnhtcHRrPSJBZG9iZSBYTVAgQ29yZSA1LjMtYzAxMSA2Ni4xNDU2NjEsIDIwMTIvMDIvMDYtMTQ6NTY6MjcgICAgICAgICI+IDxyZGY6UkRGIHhtbG5zOnJkZj0iaHR0cDovL3d3dy53My5vcmcvMTk5OS8wMi8yMi1yZGYtc3ludGF4LW5zIyI+IDxyZGY6RGVzY3JpcHRpb24gcmRmOmFib3V0PSIiIHhtbG5zOnhtcD0iaHR0cDovL25zLmFkb2JlLmNvbS94YXAvMS4wLyIgeG1sbnM6ZGM9Imh0dHA6Ly9wdXJsLm9yZy9kYy9lbGVtZW50cy8xLjEvIiB4bWxuczp4bXBNTT0iaHR0cDovL25zLmFkb2JlLmNvbS94YXAvMS4wL21tLyIgeG1sbnM6c3RFdnQ9Imh0dHA6Ly9ucy5hZG9iZS5jb20veGFwLzEuMC9zVHlwZS9SZXNvdXJjZUV2ZW50IyIgeG1sbnM6c3RSZWY9Imh0dHA6Ly9ucy5hZG9iZS5jb20veGFwLzEuMC9zVHlwZS9SZXNvdXJjZVJlZiMiIHhtbG5zOnBob3Rvc2hvcD0iaHR0cDovL25zLmFkb2JlLmNvbS9waG90b3Nob3AvMS4wLyIgeG1wOkNyZWF0b3JUb29sPSJBZG9iZSBQaG90b3Nob3AgQ1M2IChXaW5kb3dzKSIgeG1wOkNyZWF0ZURhdGU9IjIwMjEtMDgtMTNUMTQ6Mjg6MTcrMDc6MDAiIHhtcDpNZXRhZGF0YURhdGU9IjIwMjEtMDgtMTNUMTQ6Mjg6MzErMDc6MDAiIHhtcDpNb2RpZnlEYXRlPSIyMDIxLTA4LTEzVDE0OjI4OjMxKzA3OjAwIiBkYzpmb3JtYXQ9ImltYWdlL2pwZWciIHhtcE1NOkluc3RhbmNlSUQ9InhtcC5paWQ6Qjc1QkZCNjMwNEZDRUIxMUE2QjNDMkI3OTFDM0UyM0EiIHhtcE1NOkRvY3VtZW50SUQ9InhtcC5kaWQ6QjU1QkZCNjMwNEZDRUIxMUE2QjNDMkI3OTFDM0UyM0EiIHhtcE1NOk9yaWdpbmFsRG9jdW1lbnRJRD0ieG1wLmRpZDpCNTVCRkI2MzA0RkNFQjExQTZCM0MyQjc5MUMzRTIzQSIgcGhvdG9zaG9wOkNvbG9yTW9kZT0iMyIgcGhvdG9zaG9wOklDQ1Byb2ZpbGU9InNSR0IgSUVDNjE5NjYtMi4xIj4gPHhtcE1NOkhpc3Rvcnk+IDxyZGY6U2VxPiA8cmRmOmxpIHN0RXZ0OmFjdGlvbj0iY3JlYXRlZCIgc3RFdnQ6aW5zdGFuY2VJRD0ieG1wLmlpZDpCNTVCRkI2MzA0RkNFQjExQTZCM0MyQjc5MUMzRTIzQSIgc3RFdnQ6d2hlbj0iMjAyMS0wOC0xM1QxNDoyODoxNyswNzowMCIgc3RFdnQ6c29mdHdhcmVBZ2VudD0iQWRvYmUgUGhvdG9zaG9wIENTNiAoV2luZG93cykiLz4gPHJkZjpsaSBzdEV2dDphY3Rpb249InNhdmVkIiBzdEV2dDppbnN0YW5jZUlEPSJ4bXAuaWlkOkI2NUJGQjYzMDRGQ0VCMTFBNkIzQzJCNzkxQzNFMjNBIiBzdEV2dDp3aGVuPSIyMDIxLTA4LTEzVDE0OjI4OjMxKzA3OjAwIiBzdEV2dDpzb2Z0d2FyZUFnZW50PSJBZG9iZSBQaG90b3Nob3AgQ1M2IChXaW5kb3dzKSIgc3RFdnQ6Y2hhbmdlZD0iLyIvPiA8cmRmOmxpIHN0RXZ0OmFjdGlvbj0iY29udmVydGVkIiBzdEV2dDpwYXJhbWV0ZXJzPSJmcm9tIGFwcGxpY2F0aW9uL3ZuZC5hZG9iZS5waG90b3Nob3AgdG8gaW1hZ2UvanBlZyIvPiA8cmRmOmxpIHN0RXZ0OmFjdGlvbj0iZGVyaXZlZCIgc3RFdnQ6cGFyYW1ldGVycz0iY29udmVydGVkIGZyb20gYXBwbGljYXRpb24vdm5kLmFkb2JlLnBob3Rvc2hvcCB0byBpbWFnZS9qcGVnIi8+IDxyZGY6bGkgc3RFdnQ6YWN0aW9uPSJzYXZlZCIgc3RFdnQ6aW5zdGFuY2VJRD0ieG1wLmlpZDpCNzVCRkI2MzA0RkNFQjExQTZCM0MyQjc5MUMzRTIzQSIgc3RFdnQ6d2hlbj0iMjAyMS0wOC0xM1QxNDoyODozMSswNzowMCIgc3RFdnQ6c29mdHdhcmVBZ2VudD0iQWRvYmUgUGhvdG9zaG9wIENTNiAoV2luZG93cykiIHN0RXZ0OmNoYW5nZWQ9Ii8iLz4gPC9yZGY6U2VxPiA8L3htcE1NOkhpc3Rvcnk+IDx4bXBNTTpEZXJpdmVkRnJvbSBzdFJlZjppbnN0YW5jZUlEPSJ4bXAuaWlkOkI2NUJGQjYzMDRGQ0VCMTFBNkIzQzJCNzkxQzNFMjNBIiBzdFJlZjpkb2N1bWVudElEPSJ4bXAuZGlkOkI1NUJGQjYzMDRGQ0VCMTFBNkIzQzJCNzkxQzNFMjNBIiBzdFJlZjpvcmlnaW5hbERvY3VtZW50SUQ9InhtcC5kaWQ6QjU1QkZCNjMwNEZDRUIxMUE2QjNDMkI3OTFDM0UyM0EiLz4gPHBob3Rvc2hvcDpEb2N1bWVudEFuY2VzdG9ycz4gPHJkZjpCYWc+IDxyZGY6bGk+Qjg5MkMxRjVDQ0YwMjA4Mjk5QzJGMUVFQTFFQTlFMDk8L3JkZjpsaT4gPC9yZGY6QmFnPiA8L3Bob3Rvc2hvcDpEb2N1bWVudEFuY2VzdG9ycz4gPC9yZGY6RGVzY3JpcHRpb24+IDwvcmRmOlJERj4gPC94OnhtcG1ldGE+ICAgICAgICAgICAgICAgICAgICAgICAgICAgICAgICAgICAgICAgICAgICAgICAgICAgICAgICAgICAgICAgICAgICAgICAgICAgICAgICAgICAgICAgICAgICAgICAgICAgICAgICAgICAgICAgICAgICAgICAgICAgICAgICAgICAgICAgICAgICAgICAgICAgICAgICAgICAgICAgICAgICAgICAgICAgICAgICAgICAgICAgICAgICAgICAgICAgICAgICAgICAgICAgICAgICAgICAgICAgICAgICAgICAgICAgICAgICAgICAgICAgICAgICAgICAgICAgICAgICAgICAgICAgICAgICAgICAgICAgICAgICAgICAgICAgICAgICAgICAgICAgICAgICAgICAgICAgICAgICAgICAgICAgICAgICAgICAgICAgICAgICAgICAgICAgICAgICAgICAgICAgICAgICAgICAgICAgICAgICAgICAgICAgICAgICAgICAgICAgICAgICAgICAgICAgICAgICAgICAgICAgICAgICAgICAgICAgICAgICAgICAgICAgICAgICAgICAgICAgICAgICAgICAgICAgICAgICAgICAgICAgICAgICAgICAgICAgICAgICAgICAgICAgICAgICAgICAgICAgICAgICAgICAgICAgICAgICAgICAgICAgICAgICAgICAgICAgICAgICAgICAgICAgICAgICAgICAgICAgICAgICAgICAgICAgICAgICAgICAgICAgICAgICAgICAgICAgICAgICAgICAgICAgICAgICAgICAgICAgICAgICAgICAgICAgICAgICAgICAgICAgICAgICAgICAgICAgICAgICAgICAgICAgICAgICAgICAgICAgICAgICAgICAgICAgICAgICAgICAgICAgICAgICAgICAgICAgICAgICAgICAgICAgICAgICAgICAgICAgICAgICAgICAgICAgICAgICAgICAgICAgICAgICAgICAgICAgICAgICAgICAgICAgICAgICAgICAgICAgICAgICAgICAgICAgICAgICAgICAgICAgICAgICAgICAgICAgICAgICAgICAgICAgICAgICAgICAgICAgICAgICAgICAgICAgICAgICAgICAgICAgICAgICAgICAgICAgICAgICAgICAgICAgICAgICAgICAgICAgICAgICAgICAgICAgICAgICAgICAgICAgICAgICAgICAgICAgICAgICAgICAgICAgICAgICAgICAgICAgICAgICAgICAgICAgICAgICAgICAgICAgICAgICAgICAgICAgICAgICAgICAgICAgICAgICAgICAgICAgICAgICAgICAgICAgICAgICAgICAgICAgICAgICAgICAgICAgICAgICAgICAgICAgICAgICAgICAgICAgICAgICAgICAgICAgICAgICAgICAgICAgICAgICAgICAgICAgICAgICAgICAgICAgICAgICAgICAgICAgICAgICAgICAgICAgICAgICAgICAgICAgICAgICAgICAgICAgICAgICAgICAgICAgICAgICAgICAgICAgICAgICAgICAgICAgICAgICAgICAgICAgICAgICAgICAgICAgICAgICAgICAgICAgICAgICAgICAgICAgICAgICAgICAgICAgICAgICAgICAgICAgICAgICAgICAgICAgICAgICAgICAgICAgICAgICAgICAgICAgICAgICAgICAgICAgICAgICAgICAgICAgICAgICAgICAgICAgICAgICAgICAgICAgICAgICAgICAgICAgICAgICAgICAgICAgICAgICAgICAgICAgICAgICAgICAgICAgICAgICAgICAgICAgICAgICAgICAgICAgICAgICAgICAgICAgICAgICAgICAgICAgICAgICAgICAgICAgICAgICAgICAgICAgICAgICAgICAgICAgICAgICAgICAgICAgICAgICAgICAgICAgICAgICAgICAgICAgICAgICAgICAgICAgICAgICAgICAgICAgICAgICAgICAgICAgICAgICAgICAgICAgICAgICAgICAgICAgICAgICAgICAgICAgICAgICAgICAgICAgICAgICAgICAgICAgICAgICAgICAgICAgICAgICAgICAgICAgICAgICAgICAgICAgICAgICAgICAgICAgICAgICAgICAgICAgICAgICAgICAgICAgICAgICAgICAgICAgICAgICAgICAgICAgICAgICAgICAgICAgICAgICAgICAgICAgICAgICAgICAgICAgICAgICAgICAgICAgICAgICAgICAgICAgICAgICAgICAgICAgICAgICAgICAgICAgICAgICAgICAgICAgICAgICAgICAgICAgICAgICAgICAgICAgICAgICAgICAgICAgICAgICAgICAgICAgICAgICAgICAgICAgICAgICAgICAgICAgICAgICAgICAgICAgICAgICAgICAgICAgICAgICAgICAgICAgICAgICAgICAgICAgICAgICAgICAgICAgICAgICAgICAgICAgICAgICAgICAgICAgICAgICAgICAgICAgICAgICAgICAgICAgICAgICAgPD94cGFja2V0IGVuZD0idyI/Pv/iDFhJQ0NfUFJPRklMRQABAQAADEhMaW5vAhAAAG1udHJSR0IgWFlaIAfOAAIACQAGADEAAGFjc3BNU0ZUAAAAAElFQyBzUkdCAAAAAAAAAAAAAAABAAD21gABAAAAANMtSFAgIAAAAAAAAAAAAAAAAAAAAAAAAAAAAAAAAAAAAAAAAAAAAAAAAAAAAAAAAAAAAAAAEWNwcnQAAAFQAAAAM2Rlc2MAAAGEAAAAbHd0cHQAAAHwAAAAFGJrcHQAAAIEAAAAFHJYWVoAAAIYAAAAFGdYWVoAAAIsAAAAFGJYWVoAAAJAAAAAFGRtbmQAAAJUAAAAcGRtZGQAAALEAAAAiHZ1ZWQAAANMAAAAhnZpZXcAAAPUAAAAJGx1bWkAAAP4AAAAFG1lYXMAAAQMAAAAJHRlY2gAAAQwAAAADHJUUkMAAAQ8AAAIDGdUUkMAAAQ8AAAIDGJUUkMAAAQ8AAAIDHRleHQAAAAAQ29weXJpZ2h0IChjKSAxOTk4IEhld2xldHQtUGFja2FyZCBDb21wYW55AABkZXNjAAAAAAAAABJzUkdCIElFQzYxOTY2LTIuMQAAAAAAAAAAAAAAEnNSR0IgSUVDNjE5NjYtMi4xAAAAAAAAAAAAAAAAAAAAAAAAAAAAAAAAAAAAAAAAAAAAAAAAAAAAAAAAAAAAAAAAAABYWVogAAAAAAAA81EAAQAAAAEWzFhZWiAAAAAAAAAAAAAAAAAAAAAAWFlaIAAAAAAAAG+iAAA49QAAA5BYWVogAAAAAAAAYpkAALeFAAAY2lhZWiAAAAAAAAAkoAAAD4QAALbPZGVzYwAAAAAAAAAWSUVDIGh0dHA6Ly93d3cuaWVjLmNoAAAAAAAAAAAAAAAWSUVDIGh0dHA6Ly93d3cuaWVjLmNoAAAAAAAAAAAAAAAAAAAAAAAAAAAAAAAAAAAAAAAAAAAAAAAAAAAAAAAAAAAAAGRlc2MAAAAAAAAALklFQyA2MTk2Ni0yLjEgRGVmYXVsdCBSR0IgY29sb3VyIHNwYWNlIC0gc1JHQgAAAAAAAAAAAAAALklFQyA2MTk2Ni0yLjEgRGVmYXVsdCBSR0IgY29sb3VyIHNwYWNlIC0gc1JHQgAAAAAAAAAAAAAAAAAAAAAAAAAAAABkZXNjAAAAAAAAACxSZWZlcmVuY2UgVmlld2luZyBDb25kaXRpb24gaW4gSUVDNjE5NjYtMi4xAAAAAAAAAAAAAAAsUmVmZXJlbmNlIFZpZXdpbmcgQ29uZGl0aW9uIGluIElFQzYxOTY2LTIuMQAAAAAAAAAAAAAAAAAAAAAAAAAAAAAAAAAAdmlldwAAAAAAE6T+ABRfLgAQzxQAA+3MAAQTCwADXJ4AAAABWFlaIAAAAAAATAlWAFAAAABXH+dtZWFzAAAAAAAAAAEAAAAAAAAAAAAAAAAAAAAAAAACjwAAAAJzaWcgAAAAAENSVCBjdXJ2AAAAAAAABAAAAAAFAAoADwAUABkAHgAjACgALQAyADcAOwBAAEUASgBPAFQAWQBeAGMAaABtAHIAdwB8AIEAhgCLAJAAlQCaAJ8ApACpAK4AsgC3ALwAwQDGAMsA0ADVANsA4ADlAOsA8AD2APsBAQEHAQ0BEwEZAR8BJQErATIBOAE+AUUBTAFSAVkBYAFnAW4BdQF8AYMBiwGSAZoBoQGpAbEBuQHBAckB0QHZAeEB6QHyAfoCAwIMAhQCHQImAi8COAJBAksCVAJdAmcCcQJ6AoQCjgKYAqICrAK2AsECywLVAuAC6wL1AwADCwMWAyEDLQM4A0MDTwNaA2YDcgN+A4oDlgOiA64DugPHA9MD4APsA/kEBgQTBCAELQQ7BEgEVQRjBHEEfgSMBJoEqAS2BMQE0wThBPAE/gUNBRwFKwU6BUkFWAVnBXcFhgWWBaYFtQXFBdUF5QX2BgYGFgYnBjcGSAZZBmoGewaMBp0GrwbABtEG4wb1BwcHGQcrBz0HTwdhB3QHhgeZB6wHvwfSB+UH+AgLCB8IMghGCFoIbgiCCJYIqgi+CNII5wj7CRAJJQk6CU8JZAl5CY8JpAm6Cc8J5Qn7ChEKJwo9ClQKagqBCpgKrgrFCtwK8wsLCyILOQtRC2kLgAuYC7ALyAvhC/kMEgwqDEMMXAx1DI4MpwzADNkM8w0NDSYNQA1aDXQNjg2pDcMN3g34DhMOLg5JDmQOfw6bDrYO0g7uDwkPJQ9BD14Peg+WD7MPzw/sEAkQJhBDEGEQfhCbELkQ1xD1ERMRMRFPEW0RjBGqEckR6BIHEiYSRRJkEoQSoxLDEuMTAxMjE0MTYxODE6QTxRPlFAYUJxRJFGoUixStFM4U8BUSFTQVVhV4FZsVvRXgFgMWJhZJFmwWjxayFtYW+hcdF0EXZReJF64X0hf3GBsYQBhlGIoYrxjVGPoZIBlFGWsZkRm3Gd0aBBoqGlEadxqeGsUa7BsUGzsbYxuKG7Ib2hwCHCocUhx7HKMczBz1HR4dRx1wHZkdwx3sHhYeQB5qHpQevh7pHxMfPh9pH5Qfvx/qIBUgQSBsIJggxCDwIRwhSCF1IaEhziH7IiciVSKCIq8i3SMKIzgjZiOUI8Ij8CQfJE0kfCSrJNolCSU4JWgllyXHJfcmJyZXJocmtyboJxgnSSd6J6sn3CgNKD8ocSiiKNQpBik4KWspnSnQKgIqNSpoKpsqzysCKzYraSudK9EsBSw5LG4soizXLQwtQS12Last4S4WLkwugi63Lu4vJC9aL5Evxy/+MDUwbDCkMNsxEjFKMYIxujHyMioyYzKbMtQzDTNGM38zuDPxNCs0ZTSeNNg1EzVNNYc1wjX9Njc2cjauNuk3JDdgN5w31zgUOFA4jDjIOQU5Qjl/Obw5+To2OnQ6sjrvOy07azuqO+g8JzxlPKQ84z0iPWE9oT3gPiA+YD6gPuA/IT9hP6I/4kAjQGRApkDnQSlBakGsQe5CMEJyQrVC90M6Q31DwEQDREdEikTORRJFVUWaRd5GIkZnRqtG8Ec1R3tHwEgFSEtIkUjXSR1JY0mpSfBKN0p9SsRLDEtTS5pL4kwqTHJMuk0CTUpNk03cTiVObk63TwBPSU+TT91QJ1BxULtRBlFQUZtR5lIxUnxSx1MTU19TqlP2VEJUj1TbVShVdVXCVg9WXFapVvdXRFeSV+BYL1h9WMtZGllpWbhaB1pWWqZa9VtFW5Vb5Vw1XIZc1l0nXXhdyV4aXmxevV8PX2Ffs2AFYFdgqmD8YU9homH1YklinGLwY0Njl2PrZEBklGTpZT1lkmXnZj1mkmboZz1nk2fpaD9olmjsaUNpmmnxakhqn2r3a09rp2v/bFdsr20IbWBtuW4SbmtuxG8eb3hv0XArcIZw4HE6cZVx8HJLcqZzAXNdc7h0FHRwdMx1KHWFdeF2Pnabdvh3VnezeBF4bnjMeSp5iXnnekZ6pXsEe2N7wnwhfIF84X1BfaF+AX5ifsJ/I3+Ef+WAR4CogQqBa4HNgjCCkoL0g1eDuoQdhICE44VHhauGDoZyhteHO4efiASIaYjOiTOJmYn+imSKyoswi5aL/IxjjMqNMY2Yjf+OZo7OjzaPnpAGkG6Q1pE/kaiSEZJ6kuOTTZO2lCCUipT0lV+VyZY0lp+XCpd1l+CYTJi4mSSZkJn8mmia1ZtCm6+cHJyJnPedZJ3SnkCerp8dn4uf+qBpoNihR6G2oiailqMGo3aj5qRWpMelOKWpphqmi6b9p26n4KhSqMSpN6mpqhyqj6sCq3Wr6axcrNCtRK24ri2uoa8Wr4uwALB1sOqxYLHWskuywrM4s660JbSctRO1irYBtnm28Ldot+C4WbjRuUq5wro7urW7LrunvCG8m70VvY++Cr6Evv+/er/1wHDA7MFnwePCX8Lbw1jD1MRRxM7FS8XIxkbGw8dBx7/IPci8yTrJuco4yrfLNsu2zDXMtc01zbXONs62zzfPuNA50LrRPNG+0j/SwdNE08bUSdTL1U7V0dZV1tjXXNfg2GTY6Nls2fHadtr724DcBdyK3RDdlt4c3qLfKd+v4DbgveFE4cziU+Lb42Pj6+Rz5PzlhOYN5pbnH+ep6DLovOlG6dDqW+rl63Dr++yG7RHtnO4o7rTvQO/M8Fjw5fFy8f/yjPMZ86f0NPTC9VD13vZt9vv3ivgZ+Kj5OPnH+lf65/t3/Af8mP0p/br+S/7c/23////uACFBZG9iZQBkgAAAAAEDABADAgMGAAAAAAAAAAAAAAAA/9sAhAAMCAgICQgMCQkMEQsKCxEVDwwMDxUYExMVExMYEQwMDAwMDBEMDAwMDAwMDAwMDAwMDAwMDAwMDAwMDAwMDAwMAQ0LCw0ODRAODhAUDg4OFBQODg4OFBEMDAwMDBERDAwMDAwMEQwMDAwMDAwMDAwMDAwMDAwMDAwMDAwMDAwMDAz/wgARCAGoBOgDASIAAhEBAxEB/8QA/gABAAICAwEAAAAAAAAAAAAAAAQFAwYCBwgBAQEAAwEBAQAAAAAAAAAAAAAAAQIDBAUGEAACAwABAwEHAgUFAQEBAQADBAECBQYAERITECAwQFBgFHAVIjQ1FgchMTIkNiUzIxcRAAIBAwEFAggGDwYFAwMFAAECAxESBAAhMSIyE0IFQVFSYnKCIxQQYXGSojMgMEBQcIGRsbLC0kNjcwZgoeJTgxXBk7MkNNGjdMPTRPDxVIQlEgACAQIEAgUGCgkCBgMBAAABAhEAEiExIgNBMlFCUmITIGFxcoKiEDBAUGCBoZIjM5GywtLiQ1NzBPCxwdHyY4OT4fHjFP/aAAwDAQECEQMRAAAAuB3/ADIAAAAAAAAAAAAAAAAAAAAAAAAAAAAAAAAAAAAAAAAAAAAAAAAAAAACXELb3yoL/i98K6gAAAAAAAAAAAAAAAAAAAAAaEO/5kAAAAAAAAAAAAAAAAAAAAAAAAAAAAAAAAAAAAAAAAAAAAAAAAAAAAADluWl2efXtQ5PbAAAAAAAAAAAAAAAAAAAAAA0Id/zIAAAAAAAAAAAAAAAAAAAAAAAAAAAAAAAAAAAAAAAAAAAAAAAAAAAAAAG3ztS23k90M+kAAAAAAAAAYzI13YdKfRncAAAAAAAADQh3/MgAAAAAAAAAAAAAAAAAAAAAAAAAAAAAAAAAAAAAAAAAAAAAAAAAAAAAANx064z69lHJ7YAAAAAAAA0/XO40ebvffyaZX9l11L853WW2UtsI4eoAAAAAAADQh3/ADIAAAAAAAAAAAAAAAAAAAAAAAAAAAAAAAAAAAAAAAAAAAAAAAAAAAAAADnwG9c6q14fogjQAAAAAAB1n2Z1x6PH2O+U/D1RNe2Trn2PN7b0rkz038eR6AAAAAAAAGhDv+ZAAAAAAAAAAAAAAAAAAAAAAAAAAAAAAAAAAAAAAAAAAAAAAAAAAAAAAAAtdo0fd+b1/ox7wAAAAAAMes3eod3Lw2+BsMTp1Nt9rpnr9Vfa9pXfmHN5feEAAAAAAANCHf8AMgAAGyQqdNQn8pzrlrDIyXzmIKR9RGbDErtUrfDNK5IzzSAz4prx+20unRr3yzno11aZykTLWY15d4YmqZNmRqq7iyrkzJNK9yyzTA2aup0VTnmvhGSZ1b1C7z1111MXxhtgrq3gJvC1IqSRGNhi2vJOaYgCcwAAAAAAAAAAAAAAAAAAAAAAAG6aXtOXdaDl9gAAAAAABX2C0dbz95ofQ45mltztGq7rIcfQHPsAAAAAAABoQ7/mQAALePGx032HPSR6dO0w6UWuSoxzW4hRI9stgz1GGm2wYKOSm6qYfOabDql3RzF3wx4Itbc6LlE32Cq+JnYYci2VhiqpkWg7XqM6a2/Cjy10tZevZU/LOhyXxv49dhppi2vUZN8tmgVHym138qPkxcZKHIW/Kj+FzlpsJs/DXVbxt00uTfC4k6/nrtCxm3ACAAAAAAAAAAAAAAAAAAAAAAAGwa/d06diHH7oAAAA4nJo1z1YbA0y6iblDhZXuUP7Ey2s0/RjvytyYbTmlbNpSeppNLWCrtKSFbAAAAAaEO/5kAACdjuPuPfri056c9Q2GJFqlsFDOfzPLjJwTbCHXWs+bNARULlNabNhvJpTZMOxxaqgX2GNKdcZ5rQLfOihXeEqhfnAAAAAAAAAAAAAAAAAAAAAAAAAAAAAAAAAAAAAAW9Rb032YcfvgAAAMGdLr/jt/wA9Li1blt0OJ1C+vvlZ0HetX3mYg0uyYebbTMmz5enHrTYdnXrpUu/nROq7vCm8nQHPqAAAABoQ7/mQAANj468z69h40BF3M1gbdq2JNbyjzYZpbyteRpZ2WtC95UA521V8nPhsGvjZ41CrtfS9WsovPmakVuJdXhTGGvEAAAAAAAAAAAAAAAAAAAAAAAAAAAAAAAAAAAAAAuqW/p03w4/dAAAAq+WKJ14SJlT9mLlr1pW0n5GiFn8pud63fCu+Um9qMMpMnJQTydwoMl67Bwq49Z2bnX2HNsFZAAAA0Id/zIAAAAAAAAAAAAAAAAAAAAAAAAAAAAAAAAAAAAAAAAAAAAAAAAAAAAAAADaNX3PLulDl9gAAAABGkphx5InBzyJissySPIQjyACJAAAAAAAA0Id/zIAABz4p+Ofw4nJHFy+HwABmwpPvMxhAAByJ4hBmxJ+MmMBAAAAAAAAAAAAAAAAAAAAAAAAAAAAAAAAAAAAAGbdtb2Xm9gMe4AAAAAAAAAAAAAAAAAAADQh3/MgAAWk/LTYeleVvyxi+rbDUWunNH+T+NNoknh9TFw2mVEWDZ4Ss2LXbiaYo/O4jSj+TOM0hwtk1u2N+Muyv4WnC+LhL+U3hcZ+WYpI9vr2nGGnKAAAAAAAAAAAAAAAAAAAAAAAAAAAAAAAAAAAJa2xzzh+iCLAAAAAAAAAAAAAAAAAAAAaEO/5kAADJxtPlOis+8F8H34Rk48SeTiOf3GOX2XlrrWvme2WHnIhxbl94Jrz4COTiTz+WNZF+XLlnInPEmnLinRMF9uFqZOwIwCaDMnCmwkk6DAJqAAAAAAAAAAAAAAAAAAAAAAAAAAAAA2ij3DD0vo5/UAHwj6lX2foeFX3GDX9ebtDlqG0+d72Zq9pn0WinhmyKyrNnVX0tAIuPrXs4t6s+rMvbxdsq7h5XrWitsq2KuZMSGKtLcrYmyRZUSESABoQ7/mQAAL/5x+Yel95YuMxYQMZHy1pZKLCDwyxfNKr8kXxTK/5Ociukwr47DDyYs+qdFRETOMWwmMM2nmxP2Pj+2pCtqa2nKdC5YqdMiPNrEQrzXbHTlsEHLTo+ycWNOWp54b81xMg88+zFIgrZTEOzreLJrJExRjfzAAAAAAAAAAAAAAAAAAAAAAAAAAH35fV1sppx++EWAQpuG1Otey+s+zO3x+FHsmvc/fqs7Hs2vLpGCH2nx+v19G7J1BGrO3YCdPk3V0iwBqOKyqfU8rZIlbVVtZ5ZGKY4X+v7LjvquT7m35+OXJYY7NZ2bXpjluGrbTlsHL1AAaEO/wCZAAANjrqdFakrZRkzGR1hDMax4RaCsZa1Gm8JpFSc5XsnOa4EvlFoVhHlRetXsKFeX81oEnNMQJ8G7i9fDuJFdNfW2WaUiRdTGurquVjNopY0grCerQJPO2caVikRevcuNsQAAAAAAAAAAAAAAAAAAAAAAAAABJTn2zHl4/dCnQAABreodi8+rzOueW8WW/JCsjg9sK3AAAA+ajt7XLrS63F083z6cPcAAKyL2bXFd9ja4NjQJ9ucJqBoQ7/mQAALqVVRsu3aOOuK6W0il5TFvDz0JZzaDPbK4z00Wut/zoPpcfaXjNZvOsyWyvsNVirrsPygzxa5za5li0PZdXz6c1zM1vPTfHnrpGnNeKXhn0bDGrOCZn2vkWystdy4rZX+OsxV12DNTR663MvXMhcKTirlhc+GvIE0AAAAAAAAAAAAAAAAAAAAAAAAEhPzbkjk9oM+sAAD5Dk9Xc3fvfHVoHN39o86K37vGzI8i+YTABCmVt9FqsGfSbsefaKDaU6LAON5rnC7NeX/AF9R2COaHW3ZPW2Hq1Hy4ssPY1iJt1XFrPfND3zq8ENfOA0Id/zIAAEnlewcu6lWvK+FRlvMFb1eG8wTFUuMiKNc8ivw2UYwYdmw111/7sPGa682DFNaRcRZpgxXcaLwsFzIiamJsEdNOuM01oVziVrLLHZxpSx7vMa8sZU50i8xpp17iKdcU9swnMAAAAAAAAAAAAAAAAAAAAAAAAAWkXj7Xz58vtBn0gAAAfOr+0evuL1Y+KfF4/U3PLlk+n89Q5Ln7nej+WuaLUdjL5XzpsV/wrapuo0rXJR3kTfHTou9fdp59d9i46q6j23marE2udLIMIdbdk9bYerlm69YY+nP13PBrts2+aHvnV4Qa+cBoQ7/AJkAAC956+z6tj468TdytasotY5dbxoveNItTYclZxp0S4ENpyXvyjRe6z69zidni1sGNNlrqvJOdnlpckxY2evzqb5lCtjfYqZMXPH5Vxayy0yc9hw0hbZmsovd86FNNj468i15Rl8AnMAAAAAAAAAAAAAAAAAAAAAAAB9k7NTpgXf1y+yFdAAAAAAAAAAAAAGHMIGSWlD5yRgwzRDySAEGi70p0dRu3GXpdRu3Bp+4G3mBbADQh3/MgAAAAAAAAAAAAAAAAAAAAAAAAAAAAAAAAAAAAAAAAAAAAAAACwi0C8tpXP6nHkY+gAAAAAAAAAAAAAAAAAAAAAAAAAABoQ7/AJkAAAAAAAAAAAAAAAAAAAAAAAAAAAAAAAAAAAAAAAAAAAAAASUxpd5a4ehXWRh6QRcAAAAAAAAAAAAAAAAAAAAAAAAAAADQh3/MgAAAAAAAAAAAAAAAAAAAAAAAAAAAAAAAAAAAAAAAAAAAH2zi9XM2Kfj6FVafWHoBFwAAAAAAAAAAAAAAAAAAAAAAAAAAAAANCHf8yAAAAAAAAAAAAAAAAAAAAAAAAAAAAAAAAAAAAAAAAAOZwW9tn1azcXv3HvwZzLsBIAAAAAABxpS8fIxKAAAKQu2PIAAEfmZWH6ZQGOKTmDOACMSUWUAGHMESWADAZ0KaAAaEO/5kAAAAAAAAAAAAAAAAAAAAAAAAAAAAAAAAAAAAAAZk4VvZ59OsWWzcsuyrsuTLtCLgAAAAAAAAAKO8wGmz7Waadz2ChOcfa4xWVe64zjX39KVeW+jFFnuoBW7TW2RF1/bcRrkDbqg44rgQ8knKU2WyyGoZtpwFPksoxS2fKxNYsbmvKifdxjWsu04TXMt7IJel7H8Kba62yAANCHf8yAAAAAAAAAAAAAAAAAAAAAAAAAAAAAAAAAAPp8TJ9dqT7tU7Pq1SxvmfVCmfWfUEWAAAAAAAAAAAAAAAAAAAAAAAAAAAAAAAAAAAAAA0Id/zIAAAAAAAAAAAAAAAAAAAAAAAAAAAAABylLQ1zMz6Na57fKp0anN2BTorZ2Rn0hFwAAAAAAAAAAAAAAAAAAAAAAAAAAAAAAAAAAAAAAAAANCdJO/5nu10kO7XSQ7tdJDu10kO7XSQ7tdJDu10kO7XSQ7tdJDu10kO7XSQ7tdJDu10kO7XSQ7tdJDu10kO7XSQ7tdJDu10kO7XSQ7tdJDu10kO7XSQ7tdJDu10kO7XSQ7tdJDu3L0aW79l+d2XX6Tl+YWPd6o5eVWfX6qeVR6qeVR6qeVR6qeVR6qeVR6qeVR6qeVR6qeVR6qeVR6qeVR6qeVR6qeVR6qeVR6qeVR6qeVR6qeVR6qeVR6qeVR6qeVR6qeVR6qeVR6qeVR6qeVR6qeVR6qeVR6qeVR6qeVR6qeVR6qeVR6qeVR6qeVR6qeVR6qeVR6qeVR6qeVR6qeVR6qeVR6qeVR6qeVR6qeVR6qeVR6qeVR6qeVR6qeVR6qeVR6qeVR6qeVR/9oACAECAAEFAPq0xExes1t9nGp5V+zy08bfCiJmSBIKfsI1e9fgrgue8kXTgej5wylFafYVo8bfAzZivQx2JZISxRUBIQ/YR47W+AoK9qPGiSVdqJQEHuvPbv8AEgkzab17ReJjzr28o7ReZ6i8dptWOu8dWJERJO0efVr9pgkT1e/jMXievOvaZiIgneZmI6m8R1Ja9vOvapImPKvXlXq1u0+dfmjx/D8Cl7UtR0Rq/wDSV6YbMefi+M+UCt16VvGBT3rT+CB27+lbr04joMT28Z7QO0RArRHjeJikx0Sk2n0rdpHftakzT07dEpNpgU9pHPUjnvAp6gdvKA26JSbdSK0/NGj+D3iKwOCqXqSoC26kd46opSwpCSKHWuK8gNE3Hek/C9S/b1I7wWs9VvFuvKfOb2mYLXt6le97eMXtMdQT/T1a9erXt6lfpBf+HuxMxNnQzFnRX6M76tXy/wANTVhezo5oTQFa1n6eTBoLHwvS69KPL0o7UH4zSsx1I+8yKOvTjvNZm1qxbr0upHPf0Y68P4/o5f8Ah7tBitX8ekxdetawOvf8esdSEdYqKBksGneyo62otWZvEVv9ePP8PvRMx7PKer3tbqJ7TMzM/G7+73jrv73ePpB7d7fMx42v/wAZLPelr/63m3aSTHVbTFyR3vN7U687dh2m1Y8vCCW8otMVi9oik2m30SZ7Rae8/M+pTv7O3s7R15V7z2jqJiY7e2JiZ7x37R1MxHVrRHUWifZM9oiYmImJ+fPf3BgEKvgAsGFIr+6mlJ+iZYpr6JPO9LUmwiVrURLRSlrzas1n3+1u3a3nStoklbTM1tHXa/aa2maxPhWto6it+0xasWreOorbzvE+Xa3aneZtXvetZ6iL9VrMUmL9praZnyrFq2ifm72isTMzPspMRZ/v3Ba0kfmPP3RSSyQVWpLa9ZcNaPEpBTNS+PQ7DrDlq2t78E7z5V68q94tWevOvlYkRXyr2869d47eVe0zTqpImLW8evOvRJrFYvEV85jq1+0xfvWpO82JEV8q9TNO/wA3MxEEvN59xd6KxZ6kRa02t7oWCBsTSPavtmYiPVH16o+omJj3vTmbQG3Ujt3FSerDmbelaY9K3aBT1428Kinr0rR1Ir9r0m0SK3aaz4QO0RA7dvG/elfGPTntIrT16Vu3pT1WO0fMzMRBCeU+4yxYXX5VqdUJEji1Z9tb0t7BU871sK15rX0pGPyr4F9jP/CBxPVqViq//wCfvQS029SvXqxMQSO0lrE+rXvFpmkF/hgv+sFr1F4nrz69SI69TtPq17QSJ6veYtBYiJJWJgtZn1a9q2i0fNWtFYISb+8/WZraJmsDmQ/jW6/HJMjBet7LT4Cpas0m0WgtIkRLUvUl4vJK1jpn/hWf4SWiYX//AD970o6gX+th9q+l3iRx14W8op2r6cden1Qc9oHNY9P/AEJS0zIo6gcR1FZm/h/r6UdejHf0469L/StfGPmblivVrzafjd+vK3XlPXlPXlPsJSL1/Fr1+LXqlIpX6nNoiLnmfsyZiOrnjq1ptP2Va0V6sfq1pt9l2NSOrHtPUzM/ZMz26sakdWPPU2tb7JklI6livUnvPUzM/Y8zEdSakdSxHUnvPU2tP2RPfq3rdW9X6j//2gAIAQMAAQUA+rUvNLANBR/ZyJ/TJ9npm9UXwu/bqhKXj7CQL4G+CUtRU8DM9XT8ZCzNrfYMTMSEnqD+A7E26veKVZIYZLFghPsLNv3F8Bi9YsqOYpKtiMFkVTR/t8Sy1ajgBPK4L1v6Be/p387LVrN1yReoS2ia2iBqWvMLd7fjxPQ1/Kl1b0gK/q1uvavXoF7xW02spNYil5igLWmqZJn0S+RFr1t6Je3pEnoYfOkBLPzWZbsX4Fq1tFlbin/sn6CuMUfF9avpWcH3/NHJLt18SMxLEtBikOCmZZsTp69Zv6o/OzYrWs2K1oKvNLHraFmKip+YPvDa8XGxWrEti7LMVFWztJtVukdVbH4kcrMWbHArPD7Ks1D1RwVYme8/MIz2Y96h5vND1mklHHUXrPVmLQT1KeQjVvWCjmK2raPhQsCbfjX8LpkpBQXHHp1gFQhrWyRIv+ITxXFBLgFS/V1Zm34ZO8KE8/xC9/o6n8x7sx3iFixMLEr0JbwspT+Kw5k1Vrxail61hW3iEc0n4X5kx1+Zb0/zLeR2ZNByxeaNeNauEiIbmK0LFRBNIpl2eqNVmsP2iZYiA/R0Y7se7a94n1bRNSzMze3b1bdQS8zN5tSpLdoNaYsaYiszNfr2bXuX3piJ9naOq1ivUx3iIiI+L2nt2nqImeu3tmsx1ETPudp9k1tEzExP0bNH4i+Zv6o1+/q1UjxOMMeIKB8hq0t0UdbLq3ii9AjP1ABTLIqjLb0vWssKB3DWxZXFe56CoL6JSs3sOkUp8zKzHj3n2eU9+89eVuoCWYrE2m0WpbvPXeZ67z1el6Vil/DynqtLWgYb3i4r1nqsTM3pNLWpNY+ezQd59p3GWryV1WVGasB91x2AdD1Sxb1h+FL1vFSjtaxR1m960itotHvxccXm4fx2CjtVYo60qQV+oIHzqUdKlvSWCEDabEDE0kZrCKG02IOV1rD9Kbhm55pWAm8VyGpMXsDuUsWYpcHlBRVpWRFuMobU+bAGxSUpWlfYWJsPE8eztKQHDraA+6WB1eM2pAq0tCQaz5CGWIsLy6JUtpSratffurNK+kTqREithErHoE9Ma17E9EneAlmYpabeiXyHQ8SRYlbiF6kQEsytUkluCxC/jxMiX86EBIyFWilRq3sSAkmaVY8fm61tayq8Bp7j2Na9h4prWEOgqe6dcZqjzAUt7RjuS37e31+3t9XpalvelqkCs8PqGRem2akdCZpQUOCraHBzezlZ6gw5ZI5SYlwVuqugi656itVwUTQtfXu2K17Nim0FBNGCwS8M1i9XBUmHBTb82vclotf5mtZtKikBj3EEqMdft4ydGD4GtW1fbal6+yPc/wB/Zh/zZGyU6EyWxtn+d966o6DlUkT+HetpVvN4TJNfxCeFw1g9kp9Wyfatkix1de1Ovx4mfxLXmVZtX8MneypK9BBSwZTva0KkmtlCRX8MnkUVhz80MVyWWUqGPdxyVraloi1yxDP5VOvyRRBWKXpVqPM162j2R7mH/Nmp3OoK9LbP87735lpizkzUbXkSHfG1W7RP5A/RuebF/Lt1DUT0duvndmpLfkx5rHHWkN2jqzUzBDVqv+R2rLdpn863jLdu/wCZPmYskt8yumQ3QQ0FX5RRq6xf38vX7+XppizBfqYx3JZfOrXr/b7LrW1pBm2noY6Dj7KGIhJDmdDFQcfZMRMyJA9+hZwqdVrFY+yIrMyNA9+h5g46GIY4+yKKmv1TMJPQ88Feq0rSPsao726oixbqmXbqmeCvVBDp9kV8e4vwehfh9R2+of/aAAgBAQABBQD7tzH7os0vUlP0c47ofo6O9x3z3KuK/o5gvfjNfo7ju/mJ/o5hufiu/LMMAWCrzjGYdiYmP0Eym/y0vlNzk+fj1Mzvcqda/wAesUSyeR62AbK2c/WD+gfG2vTa+T5fypxJnD4Y7pWSQUQB1rYmdsB08HY46xxLkZtkf6BBLYJRFqYXyWz/ANrmXs5NyEoJ4pyq+cTTpVnK/wAeG8dX9A+Oseqj8ljqne5XExMbuyYFxcXWVxzQGpuMciMh1gZrWLyv9A+OH9N75ExRBDdMZ8zjPJtio8bGpnU5/ptiDxLjdtVjknEy6x+Obkqs/oGoaQM/7/I6icGqlyi8s8Spx0a/W5xce0ZVUCa+3y7NyukuRObbKq1FQfS60te1qzWftbOL6yHyOrh5usPV4nr45MXnpKdM8hxlk9jmOnqWxeBsn6SQTQD8zmsZjxdVzPmocPSKPLAZfY002W9gec4VhvLdTrXE07dOIspXzk7OtMt5OaSrKjOryAdy6c4OnFFkG2rRh6cwJFoxyjuImcuAGbiqLwrrMKMElbNx1ntLPaWaXXrgZSP5zZ3sdI2qiupbbTBSF4iTtVSA08sFXXfA25pN5Tqg64OnNL0uO6iLLl85NhPNHZj9jCEhyznOwzGa7LK8NCy18CbZ+UEsZDOQ8qFTJebHpCIHBrh6cytjvs0nLehmmc6RgWa6UvW6O5Ez5zi974elQX1PjpPPO+T2uIZun0twTWI7kcezMinzfGf5+fD982f3T8x7w/eCdrdYFYhBhtamZtsGDn8inyT46ag9AwnkdLUrWNH+D+4Fp053EfD93BrsxpEENAlrTazH+vGsSdIVtYQIDsLmNZghDYxglNx7CGVR7RyHpf3Jqvlu/wCnHVv5h5p4LDqwBa5GrK7T+eNgAwDA/ux21cbzjGzod/ag/wDmBEsIp4HS9vTpdC02wErnJgZNyjyEykNx938qMfY9b9k3W2FlhKUChsm/HdYgaJXa1SD1WQR0rQ0chswFd5m9LsfUuL37j+oqtsKEIS5CC3NIQ/zWvya6T1WB6bo2G9Z1sbD7bI2H22RxMxIt3SHUuk6YxXmyntvadqLPtq2z0fzz7zg4D1nPLfgo6jKV3X2HCK6jylWdh9mgtjRCNl9tq1N7TpSS2aZ2HwszW00t++6vUvN2YHrP0YZ1Hmptvacwc5WCpvtJWvtaV4h9uqvVtJ2y1tJ2yw32xLp6biVY0na0G+2JdbXfVEfSdZEy+23UOzoBA08030xpOsiPpOsB6LpOmg2m8e9t/TtT6nxe3/8Af4d71HQLvIOVO42Hs5z3Ef8A0zfLsFQ8a+bOfPL+PRCevnOqZ2ojpi5JlbN78dR39hfT5DkZd83ZzdSvCGArWU3MtxZbl2Ayy3v5CTWdyXH0mPlAYz7AWMt9anvVibS2iwnYICnJbB060mJrPuKqnbKUVhFVRabsfE0AC+1uMz/3fhvAswlxV5ICmWMK3MMT1v3ThtcD9txfV/tvhmNmlxismwR8fzv23I3P6L/jz+i5cI25fk+hPO/F6yW6VW/C5zHtHH1VaH5m0uFXnvyklKHjeC+dvpdTOg+tlLrqs5GOpbTy1VHAZOW1BRyMmAr67um1+W7hVovmIa70vt5yTGqhjiK2nlI3AxlomR6yYhHMmZtLhbZmRbN3PRRylIScyk7oXyMoCmrlqhUXzcg9lMdS7WflguH7P4z/AD3xNHjePpEz+M4ucZPGzUmmuIYDR4yM2M+gFsfNXCxybkvRwiYDnZiOYHT47k6l83Gzcui2FkqUVwMhQAeHcfCcuPml0C4+aXQ+UWsixjDZysgGWyG+drsLXyuSMAN064hbQoyuNtu0War/APOwusPSACgEMdQ7Ot6mrqPJiTz2VG8spUszLAG5zcgNQVel3ENJAP4OcqodN7KZOnn5biy7Oa84gAV2V/yjO1FyDkJqLqfZ/GK/9n4Wrpyg8fkGYPOY5VmCCbbyQUnUzoUFqZ5qNOGrpS8S2sDfxmCp6Ez0lsZj943ceSXYDQ2rs0FphfCJdTTz3Kq7GY4b98yPVd1M9CWdnLVEEwji+aYcZa+AA5VyGMQxPd0NQbaXsy31U5feI8x9n8Xp/D8LWDBdlgJLMPPLGzC6WctyKglvwcrUkq2WUd4Im2bjDmnlusNhJZeG1NXYycwbfF8Zu7di3g26NeCoPeqDVSau3twtX+0IaXztt8sC2sJUKub9+8bH4Z/xaJxR/q9KkpZFW6hh3uEWU1dr2PBZOugkFFT9Bc0Poofo2mD8hr6kMBi9Wras2CatKjJeOoES1aUveZiYn3KqM2B1ETafx2I96ImZuMlOvTJ4ew6bK8UpYlzrHWv9m8aW82vqSew9Sm3CsPHqzMP2jPS6y/8Az/Gf58eXbQfnjpPQyM1WyIcP1ioZVnQLRM8acyJTVy/6iy66PT10BH1C4cfjJ4JG1P2YcMPZErLrfzG+g20WQFX46lhkYX0McqQ+Q0uQa3H7APurlZ1bcd6RxSuA0UfwT/ZWIr+Mh9SzkbK5+qm8G+ZSqaq5W7h04FD+DcZ0MrLvm34+WDMcatM049X1EsIF175aBkkss9V8PkC1jUy/6js67abWIMb7oKHqtW1q8Ww1AXS0oJGGt/Mb77apZOVjjpQ20sV+sJYOkWgmG8xg2qcwxcgvV6jaB7XyPsrLU/Ld+pwwxEXKS/UkvatDGpXqtrVkjByxQhB9UISnQyEHPrG9SWDzMEJFPVLFImaze97zS96Wlg8z6hPAZiimSlmsTMTchL9eoTwGUopve5LXIS8fkH8b3veZZZmsEJWv2Vx9L0Ffef0Fc8DvMtA1q8k262zOZ2mwyULT4j2kjnj/AL1xPJDUQ0KfMq4MsKtcdaCP4QEViZ58sI8rpFerLeomNJv31csJsvpMNWGtZEaLXtOisPPiJmWsdFNbRRXVlpJlT3Ew1Ya1kRotdBRWvnfXcpGXW4iIj3ZmIjb0yab4+MIrjnB432YFUJ+Hat6GbcVRW/8A9M4V6epybDyEsPl3H9+Wf8i8OW6yuSYewkP/ACVwsjYOS5BtvU5Lk5b3s2dOmXnttsOH6XYOqbC1a6ufo8izM1jP5BlaJOnuS5CJknlHgstLqBV5Visn60eQZeaTP00tEXxjf+Y4wQ02SDMn3EwQlpWzc+3I1AALx8IjPLRmmbSrmsEy17R1rorSqwsNcSa4LYMGAHC2QLEzsj+pNtoC0mkBA15QoyqgFGuI1VRrH0UQNrvDWrpUQoyHHFY+JswmkDL/AKjoU89z8CjC2eBNPKJVBnHfXXphIGGBrkbAhi1aqJNciZEOm+uuE76itNPXLmKdZf8AUdIfnufgDYXVXXtgTTPWyNGicLO5gS6BKgvrNojLnfV61ta2UhCKvvbN7DylI7tlVWPP7dn9bimO5k5JLD1P8tRb8H/JTPCicZbnMFz/AF7YZ/8AIXBnOLrcqYdxh7/InGb8U5OiylicHqXlPKPZz4lvHj/HM3UyUeO5CPXMQBnF4CS0G1giPzTluQmkvZstsXi62FdLjvoq8m5f5M6XJcLLDjYTBC4nGaZLV8+iqnMPjLamZ+2k21F10NNGM/R00T5+3pLvdbeku91juBSbS1FQaWbprLOK6qEqNaucVJfUyEqj1ARmsaSxMdvSWNkoHou5fUxDMh3hTpA1slboektXFHpLVxeP3LRFHVoLTBr5CxUtQC+W/pJPpJGoBuNtSNQOtkLTn6K37cxYFMNvSWNk0mK329Fd62zpruW09HMeWNr5LQ3NhQz2u2JxxI1ANxtqRqB1shaV9JYeO3pLGyWtFc+VmsEBjY+oJUv7nlBS+r8ezPgNrwyrEXVaXZAyHrkV0c7I40nZrX5jfYrhmyGOQ0c49kaOfj8awsPrifB5s4niZCKVeD8RrTnCGwTjeBjgxMf2c1z7s5vHOUJ5iTnPLT09yjQfS4Rn3AlvJbP79GRyDcZeDa2djcPXMnj4Z87ke9nus7fIVztY2IudfFw+IUMFPjxM7kv0NvbeaD76Gu4mPQ0HmrfFCWwSva7jtPrGPmWeNWsVr8Dk3HbtWiTBv+U10qo08fDxx5Svw5iJjY4VexJ41uRfI4SX1K1rSvzC6qqeW0QWmSuc5dkea6U62Q81UyDYD1wdO1mFzLFx8v8AOJoZp12pwNOKcZrarE5zjJFMxxyC5zgT0wtO1jgKuVRJlyzeW6nUePokq4g0lZbF0e/IxEM0TC0qD6N/5g+a6uKmFpXHelqWw015V3GU73EkhlpN6mcyt+OD+2s9SXG2WsjNJsZ6v4qDAF2BXzCIN3HoMkwtIY+P/wAhTOduurkvNDnPchqmDp26vS47/Vs9Arx11xLB+C1tZqh2s3NfivFcOtl1VlafL63IczIt/fuD1/fuD1/fuD1/fuD1k7efrj+IgzrpD16gUZY9NIjlap0AoMObrx/2dT9ynQ5PNPyON3vDysFjeDOp++qeH71pxe+SKA/shmwmI80eu5ySP/oYqcEWa8JwdJgwcR6akFpfuc6WivZjVQoIbLERDCMgjH0qG/enShC5rmoZ/InTF1trAKlrhI+p6pmMoQiG4xjjMlobGW5d/RiE8LpT/wA3xfw9fKnTnRzpF5bsEtnuQvCUtiZ16snnke1/VPqqSRnDJJhTB8EuzmDFjtZIczG089dcRhHH8R51ZBT+8+TaxM7nTQHuV8p18Nriu1o7KerzbeQ1+ScoUwF45Lz0lOM8uV3Y9vO/6+PNZJm/g3lDPyXH9G1LV6/x1/PfEDt6IRMtsN3PpOsBNpOnADYfXAF9tp3Z1WlHDHKwQByrlZ1HGbzvac0WebVuDTeXhXVdUg+m6cxH2ysMtHaInotpdG1tAwzPNHAd9s4v3zT9K+o/c9t7Uta1pvaX27Km0nThpvadKFJcpE9FpOdHSO6VTScUhja0GKA1tBcTWg43At3SFRhk7JOqPt0WCcoCF3dIg1321hi0nQgV2H1R30nbtRoNw0c5WC/VEkTumSSAkH4LFZsDqFc9elorFuHVmMhltdWg9BMgvdvs5gyxMTHt/wAoMFojlJLo53+RklzYOenbe4N/jjUtC3HqzyLmIx11P8kdchHTN597ed/1/OnOc4zmOIK0U3kvQ5GWrKv+Ov574ls9qqg8twi3tVWI0dpUih/dazGVV1VrtHcUImeIm02pelrjIOfcUSYcJIr+q2kdO/SmadsHu0pa9jYDYhPImRL9fzs07xFFAKB+F/v0xXwOF6npPLVWZ4tTxxNOBSyUljSUxglMcoyHaZFN2XaCybnmFRaB6PXlepmnK2iO0dcvwLbmVjc7/a19XW0OasoJCQS5so1i7nDcn9rwuW5GlnbNP8nZMrcdz9PkO/7ed/1/hyno0ZzYpo6eHkqqb5gn2/8AHX898RRWreLyFu9baWasqg7lKgWPkY6xr5QQbI8pY+vlZqzbWbkqtVnKzGEE8pGiDuVnjzNVKgM7F/qjSeWzpZSiqmneuX+87YkSNs5eKmQ+CKujpJ5atHg5o10//nYvH1YM4BeNrSBlYjZMisUSQylPwm8pIiNcjLomzmIXzms5ZbKxIWl7YGkV5rODbapkY8NURTFoN5ClkK5WZTP08lYa5MzIQolkqMXdy1JQ+rZeKVuRBEEfxNXH0R6NL7NRER1jlx1bqZhQiNSi646WCG8HzlyjhZeAwstUIhCDStKU6ussQn4Xdz2OaSqRD/tTE1by1os6nWxD5jcl0lQvQ+paCW4/HQzhJf287/r4MTfcWblm+XZqK3asApf8dfz3xJcEPBcKlq595R0czVZTuvtsLldKcJt6jQV+QpUzUmc5lei2OwuPMARLQyXqAFx7YYXJmZBKD0bML/3HDi1ORP1WW09Iapm9RJJph5tdzRebDXNtlqXnkLNZPb/52Fx54C5MpJNU+ewAa6Z03spk6efl6jAL4/HTRa24eh9GQJJ6ukcF9thpad8TC8ciVaT/ADysr1zH2F74TLgK5Dos7WjLbUBTTMyNX6pSlr2zOP1p1/t88VRcxy4meUZ8tFgk5KE3pnrUtVJarAchAFYyUYHCK9Te3muHpn1Jwty1YwNqOv2Hb6/YdvrgmPoJk+Ry9NZEbLF2T+1PQzxr6WvZwfugJAj62hR83sXZMsS5LkIy4y1OeyBY190AQ+4ptLqK3vYl/ryOcy7fPy1ka/ozSl72zuOzPQx0HT9GUMVtvpLOVSr+jKWY27KOEor+jSmc25KXHlQdRERH6MJ5LrfSfH0wdREVj9F61taynH3T9KYqKv6MrINtSrxmOlklVY/RcQDGstxtsnSuHnr9RERHyZL+mOOVr2Zie8fn0/c/fvytObrmowD3X26IoKnqyqNtYpFmQNg9hziXAXYUDkBcXOX3M7QBpKab9M5H2maXATpzQoox7ijNmRzpjjY+1hBKay/HXi9LceRD0MYxV+XX/wDZN229XQu3oqsZAuR3tATv4S9XNI/IGLWoQR9Xkpg6IeNb8MThqsMj4uRhvbcVz52NHM0tArGpoMQQqx81V5Orq3JP/OhUYzF8vIBfSCMqvBZUNj8gwKEA5tA7r6cQ/tYeeGnKtcJ3eT/hOEynXNTV1ZNtrcYZTg+3PqjyrL32uQka1CoFPHF9I2UwQoUrbWqfU0BZbrj4eM1FvILjA3nC6q480rnIjQ5z9pgTaYlfjTd+l+P54ehjGKvzVUlauucZyHG6oKVOnxbGSPrYktFTyE1Yc4rhPGHnJibJjZpEOjcQwS3HlZ4i6HGsjRZYwcphJ7jaa2LmcWyE7vIraCrK4WliZiJR0xs8enrcWVplo8bx0SqcbyVL5+GJJ7PzZVaLh5xdBfIQWJGTnwBzjmS50DBCDQ5GkJk/H+OUCho8eytI9MPKGvuItbGhp5KOoN3jGM8YeTnDHfjmLcS/HctcBcxIoqW5D5H49jsJZ/HcnOa+z61teQYuiboHGK9L4+cDqIiI/RSIm0hyNE3QOMGnoHH84XQgBDH6KDCYshwtIvQeL26DgZouhAAGP0TpS95Fj6RehcZat0LjKdeg5WcHqIisfokNRovQsHTJ0Li5p6FxpKvQsnOF1WlaR9vf/9oACAECAgY/APnaDxoj6HyMx9EPMcR8XAxmgNxSkiRP0Dnox+KCJE5mclXpqNqN7f47h5E9FHb/AMpRu7bHONSV4+w43Nn3k+gZHR8Tv7hMW7cfe/6aCr9vKo4s3drc2QLgCJeNTN/UDdX/ALaV/lbDEG5fE2j/AFFTmj1et9AwekfEs23qKlSwHNn/AC07dv8AM+5Trt7Z2gx1yLX3D3h1Vpdraw3Wm9h1fP69Fd3bnZA0NK7W4neS7m9qsMR8bbaaMEGBNTIGE1MipnCptMRM0CSBNYkfpqJo4ZG32qGBk9WhIiTFQAWOdDvf70BEzQ4AicTUyKkmjHSBn01iawg/XRjGDFTIipMDEjPoqJGFZilHaoYjH5UD0H4kMpKsOIobf+Wk9G8vOtXA/wD9O5mnYTszWttPBFwQfHMekRUYYAjDjdREjGPsoExmSeNFT56BMYAj04RXA6bceFMWygCpPH9UUyxxnHz0DIkTgcoPChEc11XCJIgilGeNzGgRGHTWMHTb9tASONBeIj7K4cwbDzUI+v1azGY+6tMMIJuqRHNdFLMYEn9NSYjH3qEkd71RQxiJoZZW/Kj5ZD7qrugXeFqJ9W7lurw0B3TaraV7QnvUbdtzBtMK2DdmjKsLTDSOU96vF8ZQBAbS2lm6tXlGs7cafvUygF1W0XhcJdQ0e9Vp23ui6LWm3pq11KnoYW/FlsIUx56Axxrjj5uiiBOHTVoyAxprYhenjUnomoxzieE1hmcBQA5mrEg4xprjnEcanGj5o975ob0eUCOGNbrAOH3lKttwp2/EK2X389OpvRXG3rSL52hlzctbioGRtzcDCMNATw4Y9qk2zA3Gjd34M/iW+GtPtQbnZWHZ00xF977XgeGfyV760rWt+G6uow1i1UbxNXOv8uiVutt3AukIyvu+3W1Ezt7Y22LdpfiziYJmKmeM0BPLPvVMzRnMmaJBIuzpe7WZibrfPQPAf70OBGRrMzMz6KWCcyS1Z9P20uGCjPtRl80Hytu4GQoZoNoYeP4X3tVYbbyL5AMsWVos5aJAZoJH2errt6+qrTAi3aLH+ruc7f8AiWgCGS8DDc51/Et7vNUvemKAqYv27/E5tP8A276IYXWo09nxbL463LREm6WjlVNJpQS2qwer4jbidZE/p9ilBuxW+7q7h7CWo/J1uemAMgEgTgfn8DpPlmOIg/BnOM4440JjDAQAo+6tAjh0ifsokmSTJ+Vz80AdHyrDTEjvNXSAfVW5RQPnBp2U5AY0wJ5SvvUwns20RkCx/wCmgIB08aCzyxTGcA1owozjBIpMrbh6aGPWtsjhQE2iD/8AVKAYwmjJwBiPmUk8KJ6flUTj5UeePrqeip6fIMcMKC8c/gHnoA8aHn+CakcaPm+X2j6/IU7oudurF3u0QEj2fDNFTjxB83lFmNu2MMOZj5q0Mytwu1LR2wpLrmoxyqHUqehhFBijBTkxGFFlRmAzIE1ailj0KJohgQRmD8Qy2nFpnhQwOB92kOPWu/ZponLD00YBINv8VDA4E4ViDz/ZTA+eKwB5cZ41EGLl/ionssY9U0AAcAMfPUkG27/RqQJ0mjgYkYebjWEwH+ylMdM0hIPGf+FAQcA01xkihAOAFcYu92gcZkrHp5aAAOEY/wC/yyTRJ4/CpOQIpGGWOIpYLXXLHo691KOIGPlKNifERjdbn1v3qTd3ODAm5tVvGt6GCyjJcTaL7bc62dtnG66sSzA3KqN1L+tX+QBulpU6W/L08vh1/ihXtAOsA9L431/ky9gLgKU57bm5O7W2Va/8NZY83W5+98QcMB1qzHTUSKgEGrZxokQ0VmKzFTOFTIoEx3aBJAnhNDDMxUyKxE0NMTkooSpEm2oAuOdSB9VHCIzNSNVZigSR5vlkmvNw8mxtYXDA6l9NaFM+fCizGSfKuQxOYPK1Wi1J4rzeRJMVzCuYVIM+XJgZzHWoSR5/Vq4xhP20rYAAUSIhhFHIYW4VEjA3VwyI+s0FGdCY5rqGRzz89ASMqAnI0MsBFWiDhxpTOI4Hz8K4cwaPRVwiYgjhWOZMmnE8xkUchMZeagMNJP1zXDlt+ugOgfKpNQOXyVgA3TnS6V0i3P8AWoO0LIkzkKwIPo+E2sGjODMfAq9NeH4YCk2hhz+mmAUX7bWse72qAKx4aX7gHWbs0VsCMASpXzcG+D66GOYHHrTUgyc/q00Pr8u0RMn7ooefD9FYSMCRI6Kk8ACfaqMajHO2eE0W6JrIyBNAQcRNcRx/RQwOPmpjwXAemtWYGqBlTTwIA+uuOcRxrjnbQUenKhMnC7AUM8ePpqMc4qcY6Yz9FYfK5NdA6PKQgTBP20BBJ9X7KVOIC59K+rU3av2dej36Iut6CDwN34fqaqDFyQBl+z6tABtWV3d7tMWJzhZ7PN+uzexZQK8wxq9duH9OkHtW0WIuB5h09ai5E3zcDkytR8NCpYQWJugd34ProAqRGMnrMawAH3f2aH1+XIOM3TWZwMgemhGMAr96s4wAPs0ccyD+ihE2hrsaKznP21n1bKBnECKEkyAYHZmtJ8/mpV4DE+ejbOqJ7NHHGQf0UDMmbqLER0fvUCTOFtZ9W2s+j3aGORuq2THDzVH/AAj5V0noqT8gzNZmszWZ+CDXMa5jQUfOkkxULh5/oZJwqFx89STP0LxMVpH1msTP0Lzn0VhhWP0JxrOfRWAisTP0JxIrAE1hhWJn6D4kCs59FYD9NcBWJJ+hGFYR9X8VY3fOP//aAAgBAwIGPwD52DKYKmRQce0Oy30PtJ0PgfM3Vb6ICeZdLf8AP4vGiUYNHR9Awp5dzT7XV+KvbLLDpqX/AAtrgg5moPsHw3HDqtXhbq2bvut9ApHClftD7ePxO0g6z/7Vcf8A5PmFJuEwTMJOCr2P362N1RENY47BbL6BsnYP2N8SFfAGQD1fbbs9ylZ38QjlxuVKO5ucg5R0/wANA7bxuE6lg7iN3WrH43xPFUjG3BtTDq0gZWQOQoYjtUVCswDFFa3nK9FFbGkZi08aG3aQ5MWmgviqXuCsoBwnD3adUVnsMFlWpVGI6QpqSCBMTGE9FICwF6+Ie7t9PtU8Ovh7fNuHL0etT2bgcIniSB7teIzjbSbQW6zU8kE7cEgcUfJ1pmuChSFxBPPly0wm5lfw4VWIbjz/ALFFfDaRiRFWgEt0caBYkEoz22E22dX+OpCkibcB1uzRuDLAbG1m1J1aUNpuUuMJy6vrVZY10TbGMUFUM+lWMLy39U0DY0NlhnWCNibeU8wzWtxp/LA0xzXUYRtPNpOn5Uy9pf1fiYYAg8DRf/HaOnbblNQR4CZN2mrSMe0eb47bSDcjlz2aJF5vdHYN/L8NrtFK9rC28RhFj9f+526dVnFVRCBZyn1qG8oOFuDd2mC3m5le1guiH8R8ak3rbueKtvX7r1trtAh73e2YU3N4iigi8qSTH9Tc1PWzuFiBYqGw6ldO2v8ATp1KkI9upYvv2+vbRm8qdvwi0LcT2q8Jr7Fa5GFt+PMrVvPygoNnbSdXpp1JYFipDIF6vrUSAUnc8TAKcLLPeotaw5TlnbzaS2in3CDa5fLnW+gBeY232paJufLrU4YEzDJHDcXloEKwFjg/3dzM+rW2xuuRDtn09qgrXj8Pw2cc1w6K3LLwXREU8dHNcZq1AwaEjAc2213NzUwVWGBO3lp3XvvY/fp5BYtbHsmmAu5zuKxUM2r2qJ6flKeeR7vli3bYoTHiYR6bavYhMSuo9mhLqJEiTwoQwN2K483orw/DJJmMV1KOtVtwu7M6v0UGMKWnTPYNtSHWJiZGdSpDDpGPxe3ty43NxA4bApLUzgqbeYA6qJJXSQGhuW/lupSSCGyKmcq8RpudrUHdXnatvxS129lZEIvnoKIMsUB9XVq9mrpXK8LOtk7YWobBFBZz0ItOzEjb2xcY5+6tAIjbYgs3ikQAvWuo4rAUPddosbrXUUlQcCMee/K2lGGq7jy+Fz3fNG36fKjprbWVt22BD6r7AbrbeWkItYrfpbl/ENIWhgiFfauvwpn6glNr1Lr6XcwhVK+fGlGm1dzxb/5jd00wuGtShPZ1XLZ3e3QmJuS7UWDLt+zW5MQ7lxHQfi1I21vVQi7mZArw7Ry+HdJ/Tb2q3GtH4h22/wDTQBW2CWzLc3rUoUEIihVn3mpVZF3PD/LZurW4DBO4SZ7DNp00BYLwnhDc42erToAb9wgE8PDWjgGVhaytkwoAbahApSyTir96ty5QFsVE28ch3qJsEabQCVtsyHerc1AvvMWsH8u/n1d75oT6z7vlPHTA834V9YssG2DGEMvNzUAYEif9dnu1IxmXjuJy/fqQQ1p6vKdF1Qtrcxu6rW2ZffoFTEssdqy62gY0wJzLY0SANNx9Nqq3VZu3ROHNbHFe82peagTmR8/luyv2t5Y83wfZWHH66igBkPjpjCog1hU/CJBE4ieisAT5GXwQQQeg51BEEcD8zlz1z7q/KtYO5NjZfh7SrkPWrijsv93cXa3H9jmu/wDVTpIJtdB3mrY2t0czbjFeMW1tMu3HiLuaSbsduttvDIB8TxBLaWU6FpXi912kheyv9TvUzFigG4MVEn1abcKQNwsVILXLb09StpAks22N1yWbs5WrSBRAZVaOgz3q/wAiLvE8Nrpjw4tXl61NoMDb8Qb13M/Yt5ad7PEYNtrbNti2rrrcdgXJ3LTbdoEdCftVt2rqcXXz5+z8yhRmxgUqDJRHyq60lSLs50+rUyfgmTPTQxyrM1cMgl/N1KCjrED66KEwVOMHjUycPgzpbuVxcuNHcB0g2nGszjRI6gkyeFMwiE5iTbTAjki4jUouy1fAAMyYoq2amDSkxqFwx4fLzvMMtKenrN5Dp/jGza283u8O7z+I3a6lBzu3AnK/xl9pZobgwOTL2XHlBVF24cceVR3q1qrLxt0tQ3CwCNkxwzq5GDDpUzRRXUsM1B1UFZ1VjkCYq52CjpYxQKkEHIj4ja3jurG3tqpQc7NHLFMLlJZLgum5dzsxb+3W+oKQPDO1aBj/AFK2wSuLtfcByW1tlmVWXxOCr/bXla2mIZAGVZcFbg3G1WTVWllnwbf/ACT0VtuCI0FyMrutWrcQzuBkKgSi8b6DShYbe4ODatPh9VaCGD4m0pdlHLupq9mmZmUKzMCjWroi1Or+1QUMo3RtgY+8g7L1a7BfxVb2aUhkvCOA3Mqvh4d+lf1aIYrc2zwFtzz1a3lkAkraMMZ56/yFR0ANpTKG0/iW1uMHQh22mUDNVUrfQItCKwtK4C26nJdSHdrg1uUaerc336BBW4bIGMH8T96mUxbam6zKMn2/zPvUzMy675Q2i3+n1f2/lgQfWeytBVEBRA+FwMypA9MVvI0TKm0/XwrcJVAlj3SNV0fh2e1W4x5WfT9Qx8pjvx4bqLbuXq/u0+1txqUgWrou4VsypaHD2gXGy4tlW9uKh2kZQFUi1mdevZ1a/wAYnaCww1r+Zq5vEr/LLJcSNBI6NvCz2q/xYS8hCWG5yXWLz96twMtn4jQo5Y08nd+IEsDuMAy7YDXNd0GuRs7cjzDq0GKNacjFSyMoylhFDdtNpMUqODt35FloAIxmbcOaOiiAjEgwdJzq0KS2VsaqK2NcOFppttQ4mBuADh3qdVB3AmbBfNdTmY8NC+WdvCiAjSBMWmoRrGgye6OanncDBMX3G6vdPepgm4HCId2YPV6tF2cbaA23NxbzUEdgAYN/VtbrUpG4HLwUVQ0sGoI4O3IJll7NABGMi4YZr2qZEV7SYcAHmHVb5YFUSTkKjNzzt5Pjbc7TbmrUCNvc7ytQ8bdFvcLO3vUu2gtVRAHlWuJjIjmWrjc8cG5fICIpdj1VEmvyH+7X5D/doo6lWGatgfLsUu7aSl9v4RXstTWqwwLJlhvNfcx+/Q21DAt4YyGaN2uat3bBZmdhN3KlnYpFN12294HVZaWL3F53WLcy3LbYtXEMLk8NhEqvqY8tEC7nRpAt0J7VNusDYSfTq81NbcCdsbYMBcQ3dppvWbGlYu0dU0z2tJa7JTptt7WmtxiJuUhR5+9T8wvYbgLAPDDq833KO4xZZJaUwbGtwFT4e4ArMsX3IdL1jeynabaLQtxL9aKO019ga9G0394MKBUQqqEWc7V6a2Ggnwltb+GkAvcKWYs3Nr6tMSGHiKqthcEZOzq5KnV+aNwwLbttUsjmp2GTMWHtfKgqiSchVzY7hzPZ7q+S5ZithXAcbq3NbkO18xpkdin2ll7WKjDUa1Aj0iPhBZSs5XCJ+IP9tv8AdacBGLLuMAtrKPBTbZk122/i7q0EfbsVtM9XxE8WbWt1eIiI6U/oT9XyxutdaUW0Tzbr/sUww0BWOPB8qF1rC9UZVbVr/VoBYFzuiyf6fTQYFcQSBOprOaBV0rgviWzrs6baTbiAxSRN3P56gMo22coDNxXut36dhuKbWtAn/Wvu11WIIUhWxW/lupgWTQJMN9lbKCfE3NTd1Dy+7U7ZARmK7d7ant4ituzAsrNuFjpWxs6IlYCh7rtFh611EkrATxLgdNtNuNBM2qLrI/iprbVUP4Yubrc0UxFspMrOrRzUW0mAHtB12txtoLK3HNbtScddANGIuBGRHysKgk1PM5zb/gvlboYgSFIk9miZVVxkB7gzdqOrW5uZgs+Ucr3drS1RZp4Zc2jX7nLQNt3SCBmLfxf7mn36KhACTn+161EsunO0drTi1IFAGEtHa5Y+4qf+S/yz/bb/AHWmdd5WLlUdE1ttbW2+3uDSlzN+U+nt71S7vuGCJYb3W8Ofzl/7V/N16f0J+r5dpUFCg2yvqZP61EWC5gqs3TZlRLwisybhOJ/K6vtUSEDQ7uhOa+JSG0aAy/8AsoklTuNteFpDX+11NNLuwJW3D1K5R+b4/wBfZpwUAXcYPmdD9qnCKCrMrMwLTuWcvq0PESVAC5lnCg46m5q3dyDe4t2+4p/gpDuFfwrrcG8TV0dWgLQVCsjKesrm6mUKFUoNtQOqopNoMHMy2HU5vDoqqBVLjcgcLeFTaPzPG+uLbaIsGN/E/wAzVy0xtGpBt/d61DcG2oc85ltf7tTiIEQWbc95/lU8qdo/s1agjpPWb0/JfEQBsCpDdBr8pP0tX5Sfpam3WABaMFy06fnS1FLHzUG3dTdnqfxfQyFBY9AoHdNvcXm+tqtRQo830LhFLeip3W9lf3qhFC/QqBjUkWDpf92pedw+fBfu1CgAdA+hMAEnzVitg7+Hu1LsX8w0rUIoX0f8/oTpQ+k6R71a2C+jUaxBc94/u1CqFHdEfQfSpb1RNctvrGK1uB6omsQX9Y/u1oRV9A+hGqY7tar/AG//AM60eH9fN79YfOH/2gAIAQEBBj8A/taJBtjbhkXxr/h0roblYVUjwg/gd9xlPjMJP0k/W/A6siG10IKkeAjSTrsY7HXxMOYfgd6TmkU9FPxN2G/A8rMayx8Enyjc3rfgdVWNI5uBvl7DfO+52nyJFiiQVZ2NANNjEtDHWkWQ+xGPx9qP19Ag1B2gj8AschNXXgk9Iftc33KUc9bKI4cdDt+WRv3a6EagyAGqxLwxRjym/bbj0r42QJctRWSMi1G82Juz/qf+3o4eSjPAho+NLUMv8pjyf9PXVxJLiOeM7HX00/AI2Ox4ZhVfSX/D9yN3Zg+ycKpkn3sLttkfk+noZfeRaCBzcQ31slfDxcl3lvpcfEiEUS+AeE+Uzdpvgsykq4r05l2Ovot+poZUDsYlPBlRVFPNlXsf9PUsWSgXIxwpaRdgcNXbZ2G4fwBpKnMjBh+LSSpyuoYfIRX7jdN4bJijp8S9ND+b4T3X3Xx57qTI43QpS5nLdmS3/l6GHmuWwpDsc7TGzdr+U3b1kopDrLA9pG0Gqm0jU8X+ZBX8asv7f4BDETxQsR6p4l/W+45MwLXHgyXmmlOxVALFasdVG0HSd292L1u9MgcC7xGvhnl8nzdZMMuQUyMpSc3ONCxFb5V4/wB1pxAxeIMRG7ChK9livZ0ndfelUxJ1rjyuKWB+U7f/AMd/oahx8gVSZJFhlXldbblZfm/gEMROyZSPxrxD9b7ieWZxHGgJd2NAAPDqVzG+L3HAjSJAoYTZLU+vyKe06bNyR/vP3uv9qhi98lZaYrMfqz/FP/8AHTTyyv7xnZBvyclt7N5K+TEvYXUfd8cbpjzcUs9OF6boFb6cmveclaYMB4q/vGH7oeb/AJujkwzLG0UIjght2EqWajv2F4rV4dRdz9+Ja2M//ayybGifk6bN/l7eB/8A6f4BIpvIYE/JXi+4hkMjZXuyl4sKoCSSD6tpK8zL2L+DXeEPfrS47ZUYiSxT7EC8MixHl+s59OvdMvVlb60y0E1BuqtF9n6HwLLPlyxrGKJEttg8phs521HjY6COKIWoo8WmiQ+85Y2dJDsU/wAWTsfp691y+64e8EdtyrRo1P8AEa7l9TSwRljGmxA5LEDwLc3Fw/ewIgLM2wKBUk6KsCGBoQdhBH9l4JN5KAH5Rwt+b7ity4gXAoky7HX5H171hM08MZuWaKokT00Xi9ZNLB3uvUXcMlBxD+ZGOb1NLmPko0T/AFdhuZj5KoOLXuuArY8Lm0Km2V6+Asv6Eeln71YwRnb0F+sPptyx6EGJEsMY8CjefGzczN91GFcNFZUuLMieAqvi87U2LDirHKj29QKo5W4uUXcVNCQRhQdoDEAn1dQxTIUcE1B9FtZCY6XsoQnaBQWJ4WK6bHSO6ROcAggek9bNB5k4DsvU1FdLSHY+0G5aU+OjaCTrbdtUg1BppYAbVO128Sjfr3aPFWV1HGSAaV8bvc2sSTGi6IuAdQABWu/h0kcalnaNQFG0na2r+mCfJDCunWCO5o+cEhSPnlfFpSIdrCoW5QafjbTY8cd0yVuWoFLTa21jbpo3FHQlWFQaEejqbvHIjWUnhhRwCN9taHz9JmtH1ZpJKAgcnFbUL2befRjgg6WQkjK5AHFtt7PnaR8mMT5D+AgGpHNaG4VVNOiYohn2WOAu6u3iW1tRTLEglIWsgUXbT5XNoRMaRqLpCN9B+1o4gxVdV4ZGCqdvr8T6h7wxUVoWYXRkVQ1Fy7G7LrqHNxlCQ5AFVAoAaXLsHlLqMEVBdQQfl1DjjBSQTb2VF4dtvk/raxxiRCRmFxgqAK7fK5dNGuP0pSBWNSDspzu44NCWZQEJpUEHadXdIDzSwr+fTI4KupowO8EaKwJdbzHcB8p1lxTraxvIoagizTIMVTFUk5Fy15t9nPd2NLFELnc0UVAqfW0MQx+3YVCVG6leatmjiiL24FxSq7vHddZrJhOIrqpcPNcvCQKNw8zdPzdPI6McpgTGlwt8zd+s+s2Ar7UNKlo28Virb87XWljog5iCDSvlU11IU4PAzECtPJ1DFILXRlDDxHi0B0aXCoNy0/ubXUjQWVIDEgA0Np/Nr3Yxe1IuC1ABA8KsTbp8ZI6zRirrVdg2dqtva1JDHFWSHZItVFPxs1vwYccYud2AUDwkrpI5Y6PJyKCrE+qhbXUMVaCpUEFvyD76Bf8ALdl/Lx/r/cjSxj3XKO3qIOFj/Fj7WmgnKwwJSuQOIMD/AJS7Lm9LX/bR3TEUad9rn8fY9T7sk/lH9KPTdTk95Na7ufUIxb+nQUsrbdXb1Lf1tYAFL/aXeOlOD9fWauGQuZsuJ8di9P6HL5+smoYS3sHt59ijdXtc2p8dEyCDuaZdxJ3XHztY3ScxliKlTQ7F+LWK52sTv+VduqMadRCi/LVW/V1NkQ45yUyNxAJpXbtpy67toAPaNu+WPXFSvu/DXx3eD1btP1Op7uC++tllD0rex5Gu8LKU9nu8dOL6WkknkLRhypXwBW4fo6zO8TTjVSo+OlKeu9mizGpJqT8Z1AV3BhWnpP8ArajMSlsSV6P4QPAzeUmo89oulNHMAR4WAbw+VdbfrFzsVeuISGsG2oqrqV/JqeWeHoSFTwEUIH49QxxIXchTau07Dox5KNEZkIjuFKkENTUpjiMiSuXVxu4jdxHs26x8MmsgtH4kW1m1ih95Zbfp/q6i9Nfz6hTGg60b/WGh2bfLHAnraw5YwFklZrwPDQc2p36TSxlEDlBUrsFG0k+PLIiTSKDHIWpV26d1j8S2s2o0pkTSkFmnZjYBxc1KJ6lup6eb+gmpzj/X1elN91ot1ke+X3UezqVupb53naf5G/T0kq8yMGHyg10e9RtCY5C/HXjTT96jl93FPjH1mspmNS3UJPxkakKs7S0YKQSW2Hs9rWa5JEyNKxLcwYIp4q9q7WQ0zGRgJBVjU7rt51jDAu3Jd0+a234uLm1D1/rapfXfWh36gEDmO8m4jfsA1jyy+8ZDSAFI4iQFL+07Fvlc+u75t1rOGPmmxW+i2sjPb970l/IbG+jrOzAaNOqgfLTpj9K74MXqc5WkVfHbxfQ0/vZBcoxhPgp2bPUv1IxXJeRthWlyU8FmpXj2IzsUB8RPD988iPxFW/KGH6v3yMmO9jkWk0B2VB7QbydNI5q7ksx8ZJqd2hGJAwAoCwBI/HoZRkJnG5zQ+CnKeHT5Sy0mkFHai7QKDlts7OmyEkpJJzkAANTykAt10pmHTrW0ADaPpaSOeS9I+UUApsp2QNJHPJekfKKAU2U7IGqjYRuOreoHA2AsAT87STSSVeI1j2Cin4lpb4NLkPITMgAVwApFPQC6s6gHgLBQDp2gktaTnJAatPTDePTIZRGQLiSN+3bTl1FgQvfZTqNWvKLVVj9L4JsDMayN9sb0JofV87j0qLIWxw1WQAUI8Nt4uW7RaRyUBJjQ0oAfR1ZDJweQwBH4q8ujHJJSNt6qAAf1tLFHNaiCii1TQfjXSNPJc0fIQApHzAvi1Z1A3iZlBOg+XKaMQHkNTQfEq6igxv8Ax4FopoRU0puPkroMuxlNQfjGvr/oJ+xoZTSFpl5WNDT5F5dNkCQGRwA5KihA3bANL1ZNiG5QvCAR2tmlHVpb4Qq1PpbNNNM10jUuagG4W9nRMD2huZSKg006mbhcUZbVpQimzh0cQP7A70oPCbual3we6tJWAALZQbhu4qXa91MvsKBbKDcNwupfpsZHpC9bloDWvNxEXaKQMAjGpUior49TRrJRMgs0q2rtL7H7PDpsZHpC9bloDWvNxEXa6UUnAOUMAaejXXRnlvjrWhA3+kBdpVyHvCcooBT5oXQgjkogFFJAJA8StpPeHv6dbdgFK0ryhfJ0IZpb41IIFANoFN6i7QhmlujFCFoo3btqi74IxJLUQkGOgAoRu5QNI8ktXiNUYBVIPyoq6sMg2iha0V++k6+NAfyH/F9saRzRUBZj4gNp1MuFkNgYEJpcpKmh5LjHxyyv5F/T0JMjvFszFKMGjcvUN2WVHaRfpa72+WT/AKumgkyLpENHsVmAPpKLfm6PeSzhsNRVpVBNNtu1FHUu9TSEZVwkBYWxyEgLW4uoS5OXUmZjTCTHiuEj0ZbbRe9VdVbl002DJ1Y0axmtZeKga32ip5WsrvLF7ykx8eGIye7o7r9WlzUsdU47dHMXvaeNIpem0bSSGtoSTy/4mhFlz2ykV6ags1POsHD62mbCmEhTnQgqw+VHo2u+cidhHFE0bO58AByNS5cE9ceD6yVlZFHh5pVTQx48mjsbULKyqxPid1/T17plZAintutZWpSlfrLen2fL0cbEnuloSqsrLcBvsvA+5VmiQFH2qSwGr5oSEG9gQwHy2FrfswqipJoB8elScBWYVABB2fi0IoVLudwGrumD41DAnRVhQjYQd4P2PSgW56E76bBponpchKtQ12jRGPGXpvO4D1jppXQFFFWIYbB/ZeQfwj+kn2zIx1NGmieMHdtZSv8Ax1n9y94y+5POSBK/DQkdJ1LNyOnn6xsbEzGzMcE0kuuBJjcty8HC2v6h93r1ulkdKm++9rKetrLbvHodYMQ3Wpd0rV+rv87qfV678Ir7vSKyvlXcXrWdO/UeXLAkk8rPWRhUgAtFavk8Ou+O5CT7YqISfJJ4m/1cZ9Y+MRSQLfL6b8b/ADeTXeH/AMab/pvqb/5Lf9OHWf8A7xYWDydHr0suDjp/WcP1P1Opf9st9zAe/p8lvTF9tvDZ71rvIwf+Ks0RygN++fon+Xfzf6esT/agVxOqiyr2hQOXWbzuvbdrEjWTu6LHjtMbqxSWpFrJKaN7R2+sX/N1g42UBIpSISg7QxUMxu8pWZdYq4yLErBSVQACpR0bhHm/csckTFHAFGGw7X1Lj5J6oVahm8R4WVvK1kJOJZGjkZI4ogSSoNLjQfrajy8e9FYgNHJvFR53Euo2nd1VyVC1rU7NvCOzqBb2THm5idpWhF9PnaaOJJ4yBUSuCAfnC3TxtvRip+UGmhIw4IBefS7H7WpJgapW1PRGxf2tZGYBWQXH8SLcF1F1JS6SuFZDuoxt4V7NurJqhpYrxaaVKm1vo6yosgsIsc0BBpvPCfmLqTOyXZMW5umtdtoNgLml2nzO73akdSyt4l2vv4la3i+CfvBxxuLYq/Fwr86TRJNSdpOoUxuF3tUv8ZF7v6WnLZSvG6m9WdmqCNvMmvfs9ysZ5VGzZW0VpxcWvfsBmKLtZW8QNG39pdRZWQ7qpClgDWpYVtFBqPMw2JialQTXY3Kw0Io1yHrunoQnzrbdZOHMzdWEgowNKqw2cPm11kz5lwXHJXhNNqisng9H+yEh/hH9JPtvWyscGY7DIhKMfSsIv9fQnxseky8sjszEbKcN5tXU2XjQ9OfIr1XuY1uN7cLsyrxeTozyY9rsatYzKCT5qm35uj3asCrhsKNEpIrtu2up6l2zmu1IuHCejjI8iwqSxJAaUqrOXbjbUee+I2PhYwW4uCLumSyKzU4pHZv+X8EkEwuilUpItSKqwtYVXi5dNBgx9KJmLlbmbiIVa1kZ25UXQly4LpQKdRSVannW83raZcGERX87VLMaeN3LNrJjgxwqZgpkKWZgw4v8xmt+sfk1NjQY9IMinViZndTTzZXe31dLOmObkYMgLuQCN3a/S0neUkN2ZHQJLcwpTdwBun2vI0neUkN2ZHQJLcwpTdwBun2vI+5YsSbJSIkcQLKGFGu5WOnGNJ7xO/iNakctWXhVNSRrkLj5TMzPI1K1Juv4qXcPDpIkyFnkDLU3C40uuazWP0ZEktvusYNStm+3WE7SxuidSrBgwUkJYWpy6d5c5GRx7OK5Qqjh7VebUzKQVMjEEbQQSdV3T5e7xgMP/tfA+JlGkUhqGO4Ei1lbzW0Ms5SsqG6NLlND6vE9uo8xKiOIhVHht7fzrm1OcaVHlySFNjAnaAjHh/hro93ZEohcbFZqCvF1Epd53Z1LiRTrkSzXA203uLCeEtZamkhTmkYKPx6g7vi5IVBb5aWp9H4FxM1xFKlAGJA2rsV1ZuHUyHLWUuCRUgndbwqpZtDAmmEEqUALbNxqrLdbdpsGGYTyyVBK07XMzULW8OsaKeYQVCFHO6tvLtt7OsXBRxNHG6GUg3AIp23W9pvJ1HMc5FgpQQgrQnbxM9dGeJg8bFFJU1BUqiNy+ToY8exshyz/ACA3N9K3+yEzeJAPyn/D9rwFkkWLFmM3vDNSlEjMicR5ePU2fHMkqQ3LbW0mQAssHELkd6eTrElWVHGTIqPRqBBSssh4eLpcmlebKjQOqyLt2lXqY3VRxNdbpc05Ce7PsWWuwnyV8p/M1E8U6suQxjiPlMBVk9LZrFwccAmQNLkE7bYkFuzzpZmRV02Klox8aHqZUjeBnPsY7q8Hs0klfQhhy43kZgiqDtJO6zyt2u8JMuRUixMlo1dqKFQRwvxN6UjaaPEyEldRUoDRqeVa1OHSxjLjLvygHzul6vtODUcDOBLKGMaeEhec+rXWN3amWuK0gZppKBmB4ejEFcFfbX6ebLy4mTrPGJALFWhNsLVJ447eJtO+NOkoj2vQ7VG+5gez52jDjZCSyUuCiu0eUlef1NLD73F1GJUC7wglLWPKrXL2tKMudIWfkVjtNPDavFbqKbIyUjSdQ0RJrcpF16heKzSzQuJI3FUdTUEfEfuteu5cJsUUApX0afaBLC1rruagNK7PDppZWudtrMfsocdUZWitqxpQ0Wz4WaaDqvUGNtlVp6WjM4tFKIo8A/shkP4yqj8Vx+19zBkvRZJmOyoBERZD88a/qRI0JMuLHYAOZjDOvD5T8uu6s2MlsfGy4TO9p4AqOj3inYd1u0+bk1ET4UXSyLGZVDNI9rWqzJ1lXh9DUmXNJJ3dFLntk4EnTJCcNiySwlTZHN7V+OzURz1CzSzvFBIsbKstoJXIVWHsupH5es3vyc0imJELHcMaCqo3+q/Vn1nTqh997yVsh0FbrWp04B2uDFVY7Ndzx4KkmHLQE2MojFr+wYsqre3+X/D1nP0mlii71SaeNRUtEi4/U4P3mu75e7QZBidRsicIyKqMnTWBmdUudpP3fYs0+KyWPkGYlqUN4lk6MnqWR6n78zlMYxYRjgUJIMY6uc6qt3NNwf6Wu7Z4wTG+NOwYgjY3RZbruXUUUqFkbvdiykb16sjbfN1k5GPCJZh3cxVKVDsrtYhpza7oc5L5bIJuqBCIooiYW9ivArXenJrvAdPjkfIYim0kStY30Vt1kZHeQKrkxQjEyCjMAEVutBcitY7Scf8AE0M2TKk7vxsnGjXGn6KutKszwv145Pd24ka3g1HHjyPNEzO6O62HiYt9XRLFu83+3xf/ADHJ/EKJ+r9ulzbiTNGkRSmwdMyNdXzur8DI4qrgqw3bDs8GvcmjHuwUJ0toFo3Js+TTxxOYXZSEkUAlT4GCtw8OocjvDM9692JaCNYxEocizqSUaRpHtb4Wixcj3WVt01ocgdqisV1Hiw1KRilW2kkm53bznc3fgGgjOwhASPjbjb9L8DkUPgdgD8na+j98z042em+0E/m0VYEEbwdh0HaNlQ7mIIB/HolVLBd5ArT4C6oxUb2ANNnx6oiljvoBXRBFCNhB+xOSIyYRvfweL4AFFSdwGqmJ/mn7Kg2k6o6la7qgj8+r7Gs8qhp+X4VaeMoH5SfDpUQVZiFUeMnYNBJ0MbEXAHxbv+H9jnyCNkK0HpNs/Ru++cOJixqbdlKEliTX4rdYLS0Bu9p6AK8/m6zBkEPjSoFxkFNrEcIXzr9Du6DbK4vynHx9n/8AXY+DJ9GX9DUn8o/pR6zaSCPpStvFa3M/xjydM6ZCPKg4o1GwECtl93N6mnkcxyPKpoxAJjqNTomQpWC3jAqGuW/ytSzCQJ0vBStdl3j1KBtJJoPWXSzTTASPSkIG2vaF1ezrH/mL+fUWNFFfA9t7WnZUkMb+Xh0qIywl475WO7YTxHT5GLkpkiMEuFHiFWoQz6TJSULeTwEbgGsPFX4tTRvlIkcIQmVhSt4JFou83y9LlRTLkQk0LKKUr+N9Remv59RNjxlwqkMQQPD5x1JFMtjgGq7Dvevg17zNKuPEdqlhU08relq6WZXE0LdtRSleXZVubWHGgq7sVUeMkLqCR8heqrq/SpvtIZrWu/U1DBEKu8Qp4hxSbTpo48pHyEFTDSh/S/U1JIrhHjcx2EeEBTzV87Sw9QS1UMSBSm1lt3t5P9i0qKPL7Rvx8v0PvmsmOitlyqGLPsAu209XQnzHV2lJAKmu78S6bvPIFaVXGQ+EntawpMYK6TEtmNs3ml3zePU4hp07jSm6va+lrIwS1rtdTx2utl3qtqXJypEAClQQTSlQzM1wXydZ8o2CR1YD0jK2syprUIfxnqayoQRe2ynpLaDrLxJaCZbCQDXYV/xayEmK3tU0U12UprrMt6xuSV9Yajz4WMkJUAjwAHldfS1j/wAxfz6EMNtpQNUipqSfj+LUsuYetIFDBW2g+Ctvm6nE0UUOw2pF5NDtbVVNDQivxGW06lnEST5KsQivuFACu/UgmVFkFtyx8o412D1dRemv59RLjyFAyksAAfD5w1JLM17kGrbBueng1AmKRdHZctabVUoyaXDmYGZqAAGvb6p+by67ukk2IHNSfBUBa6hzFcCJLSdu0Wmto9PUXUIF8Fik+Ms9PzaZoMOE3f8A5FQrEHy9nU1n5A4GeSV9ngLKp2f2LjiIqgN0noj9rl++lBK4A3C46F7s1N1xJ/PoKzEqu4E7BoqjsqtvAJAPy/AGUkEbiNh1SSR3A8DMT+fRsZlrvtJH5tGxitd9CRXV0bFG8akg/wB2ur1G6h3vU3fO0SZHq3Mbjt+XVgY2Hs1NPyasDtZ5NTT8mgVNCNxGquxY+MmugyMVYbiDQ6JMjktvNx2/Lrp3NZ5NTTx8uiYnZCd5Ukfm0VLsVO0gk08eqjYRqrsWpuqSfz6svazyamn5NExuyE7ypI/Nq6Ri7eNjU/36Ad2YDdUk6CdR7VpRbjQU3bNVdix3VJrqwyuV3W3Gn5K6KKxCneoJofxf2L67ikk+0fEnZ+dzfZmfJe1dyqNrMfJRdEYirjx+A0DP+VuD6GrhlMfiIUj8luhH3igtOzrRjd6cf7GlkjYOjiqsDUEHxfbb8uZYgeUHax9FF421SstPKs2fnu0WxJlkptZdzD0kbi+6kyTkLGritCu7bbzXaMkTrOoFSBsanxDbd9rkyXyAkqVpFs203DyuPSZwdjI9tVNKbT8nwRQOSFkNCRv0YI2LLaDVqV2/J9olzGdg8d1FFKcIr4vgihYkLIwUkb9uhDGxZSgarUrtJ8XyfYRZKZAeV6ViFNld48rg0AN52DVcjIIyWUlAOUkeDlZtRDHnE5kG0CmzdQ8PlaQZC2FxUCoOwej9hFCxIWRgpI37dCGNiylA1WpXaT4vk+CTKbICzLWkWzweDyuL7/KhHsk4pD8Xk+vqg2Abh9kSTQDaTp5akxKbIE8S/J5cmk/3XPXGnkFwiBVaD0pOfRt72UHwEvGdSQrIswRqCRDVWHlLo92ytWOSrQV8DDidB6a8epMvMlWDHiF0krm1QPlOpJB3iCIiAV6coY1NPZo0d0nqaize8cpYIZ1DQggl3BF/s4UDStzeRpk7ry1llQVaFgySAeV05QjMvnJqYS94LfjuYpIgkhe4EqwVOnx22868GpM7Ay45ceEVnYmwx7LvbLLY0XD2n0MRe8VDE2iRkdY6/wA5k6fr8mpe4VlZe8Yk6hiZWUMtFe6KQjpycD3cGsTu7Lkb3zPa3HhRGdjUiOrWDgW5u38MmUwuccMSHtOeUfrNpsjJcySualj+ivkr8CzwOY5UNVZd+lyKBZVNkyjcHHi81ufXu+UziS0NwqSKH/8AbXSxpva+CNwVY+jdzfAYJpiZV2MqKWt9K3QnxZBLGdlRvB8llPEraafJkEUSczNu0IEmKsxopdSoJ9I/AIsmX2u8xoCxA863l0ZcSUSKNjDcynzkbi+3p8i/p6mjqTEoBp4AxPg9LWV0cNcmkzBJJCAigHwXfq6jyREkU1wDiPcag13W3ahdsRGZyQAFAAAtvbl4rezqGSJAnVDXBRQVW3bT19FZUWRemTawBFar5WsnCXEQdPazkDbt4gNnBb2dT4KYyhIOG80JbaVZrqXamEeGuSyyFRLKQFAHpXcXo6iyGjSB71EvTpSjbG3W3W6X3XBiyYace675eJW6msiV4lMqlqOVFwpb2ubUMs8YmVVWkZ3E12V1DnRRCJ3tqFAGxhW02+TrH9L/AIHSQS44kkmChpWANKm1F4tIIcfrpIhfoCgAO1e1wqmpUyMWKBwD0zHQkbNnKq695yIEkK3Em0XGjcK382hnRQJE8ZDKoApwtYyNQLemsSfEjWPqsqtYoGx/Kt/y2GsfFgxFl6alpI0VVLEg2B383n4tPFk4kUBp7Pp0JFfRVbdTQrzSF1BPxgDSYUMKGUqC0xUXU9OnO7ax/wCYv59Rjoe80ir0tlO1QsW4bdSR5OLFAwHszHQkbPNVdHvCeITO20AgGgr01VbtTZcWMkTFW7IqGBpwtTWPKsSLI1lXCgMag720kkkQmXdY1Kbdldobl0sLQq7yg2SmlUoV5eE82sORcaNla8MgVVB5ApPCeSulhaFXeRTbKaVShHLw/raxRFEkYatwVQK7V326wUSGNUcteoUAHdzCnFqTHXGXrSpzKqgLXYlNY/8AMX8+oh0feQIqmLYK89txbhtu1JHk4sUBA9n06Ej5qrqWZokMoDUkKi7YfK5tQZUuMkjWpQUALMR22prF7xSBBxIXS0UKMKsjLytrDeCNVgl5woAWi+03D/MTUkePhJMsMdtgCqt5IJeQ8vDyamebHjgmiVmTpU2Wi8bQF+/AVRVmNABvJOgh+tfilPx+T6v2eWy83SYD5SLdQDxyp+kNAzRJKRsBdQ1PnDX/AI0P/LX9nWRlYaxiTDJF8QC8SkdSJ6BbubWI67xMg/KQp13U+QHbulM1T3iErybLa2+Z17f4moE7rbDbLDp7mMWy9Y/3l/S4o47OxL+81gS/1OB/tZwIP9vaYVhDCNPrbuDp9f3nm/edPqa7hP8ASnTbKWUHvB8OnS6QZb9sXsr/AHb3nr29jp67+PfLQRztPJ7nJk22BRJN11V5fZpI3sdf1F3h3Xh++f06mOqZOPGTHA8jvCkXJY0cXvgaVOn5EnS9nqOObvHuqHEcRtid092qJJK8JC5Er3SwdFeKaS/2kvs9f03/AFl3eCcvurHxVyqb3hZE5/Nud4X8zJ1nf1nlIVx4P+17sjfs7OI+lHE/F/FyZfhwouyTIx+UWKP0tLNOHSUSMpeNqEgU2MGDroGLHV3H7yTjb8V3CvqaklMamRGSx6CoqwBtbWZF2SqNT4wWX9bWHFMiyRvGAyMKg8Mx2qdRd44KjFnjkVfZ8INasrKv+YjLo5o4ZTjGYfE1nU/S1Jkd5PC+TI7AidlqFFNyue1Xn1mYeE4fDdCVAa5dljJR9t3TvdNd24DsRBK4vA8bMsdfVXUs2PAsMmPaUZBQkFlQq/l83a1izSG5+ntJ3m2q7fm6ys3vZ4nnd+FZ2UDi4nexzxaEXdsinFnjYsqMGUcJewEE/vEu+3x4eUruFHEANlQbhxKy6MPdkJjLdthSnnb2Z29LTYWZeASasvhBN+8aTFxlZLCLVYeAV8NdQ9C72d11wpzWU/R1D0LvZ3XXCnNZT9HRmmraUK8IqakjWTkvd05q2UG3abtu3WTNJdZMSUoKnaxbbt1LiZQdUd2IK+EM1/Z1Hixo6ojrVCOwp28V3My6c45ma7dESbR6N3LrIx3BE0zOwAHDxU1Hhrd1VtrUbNh8eocRLurHZdUbOEUO3UU0lbEappv0uTIj9WOljEHwbRwhreHTzyqRCyCNKbSADdVvS1MsKye14i5FSSa+UezpsI3dY1ps2bWv36bCN3WNabNm1r9+pBkKUiiYsjMKbOZ/mNqXLnBKzAg02lQSCvzbdStEslZjc7kVqanh4j2a6lxiWE7XFCBsBIFvFpBKGXLQbGA2V7Q38r6imetsbBmpvoNHJo3SeIRk02gg3cuphCsnteJnIrUmuziPZ17rnxOYakK4BKnbdbcO2ral6UZhhtIjVuY1PNt8ttQ4iXdWOy6o2cIodulY7gQTqEwXezDXXCm+3/01jtBd7IsTcKb7Kfo6D0YZKrRAa0BJF1ey2opciN2mh2qg3XelXk4dYk6X2QFi9Rt203bdGaGtloHEKHZqKZ62xsGam+g0ckBjE0QjJptBBu3V1N0VkrMbmcitSa+UezqTDa7qtdSg2bT49Q4iXdWOy6o2cIoduocOMMZksBFNmwW7NdbJUr0A1l2wkD6v8/T1Ocq4jIoS42mou/Sv1kYuMsg6isAxFasy21O378DOmH8lT/1P2PtE2O26VGSvpC3Q6ikPBIL18NUbiX6OlmgcSRuKhlNfgyMWI0lzXLiOtTV2Dyv5qbNQ0FUhPVc+ABeX6dupR3Rgw95TMQJcXIFytFvk9jw9dv4d/wCxpO6+5v6TPcjzOpzc/IDkIFNWWF50Tppd2YvaScnT1D3f3ljJmQ46qsfUHELQEuR1o8bNTsNp/wDasOPGaQUdxVnI8kyyF5LfNu136P6k7tR8fKyRLhtKVYkXTlnjaJjJFwvH5GmwMTDhixJARJCEFr12N1Qfrbv4mpY17qxws4pJw7aAh6K1bo+Jf3ek7j/pzEv94sxmoyosWOoAp7Vl5lVIf5fU1i91wbUxkCs265zxSy/6kjM/wrkxirYjFmA8hhSQ+rajaOJkxyGjF1dKGtabCrFNFcHGp58xr/7cf/3NS4eUqMshUh1FpW03ejqXMkFDkkBAfISvF67tqLvDu7HMvRjUKxoRXjVthZey+o275IgxIjXprQE+O1ELcTf5kmsiCFas0LpGg8ZUqqjV/eccsWReRaGA4dlvgbUzxxOMEIVjlYg1qE/Wu13dkQRGSGFlMrilFo4Y7z5OsmDHQySuFtQbzR0bw6gx5kKSojBkO8GralPesUkMgYCMBgKrT19QyYsTnBRDWViDxFHX4u195DC5VEPNYCCflqW+0dCFUdWaoDAk1PitZddPJ4Ah+qAtAPxqeL7ckq0ujYMtd1QbtCOUqqA1KoCAT51S335ucUx4zxnxnyBoKooAKADwAfaTnYS1mp7WIb2p208/RUFonBowBKmvx6+vk+e3/roRY6NLK34/xsx5V1ZUPPJtmkG4nwKvmr9sIIqDsIOmn7rItY1OOxpT+U/6r6s9zevj2U+fdZpZu9CFRTX3dDUn+Y44bfQ0EQBVUUVRsAA8A+6Y8v3b3qVlV22BjxcXhDWqnmrqGPBxhFPxF1FqhuU83Bd29NirHWdBVkquwbO1W3takx0irLFzrVRT1i1ur4kFlSLiwAqNh0mPJHSSQgIKihJNoo3LoqYgtBWpZafRLaMUy2OPBovKD7utQWUgG7Zw+VrppGbJWIgAIYsBTxEt2tXdMV8m4V1kKwIYKAQd4NdTSwx3RrIwLEqo2GvbZdFoUqgNC5IAr+tpMd46SSGke0Ub5G5dFTFbTbUstPoltNDMtrrvGiuOl5XmNQAK+loPMnAdlykEV+PUbrDVJQCrXLShF1TxcOlWdaX8pBqDTUc5jooZWtJF1K15dY0cYudlIUDw7dGQxg02lQwJ/J8Cer+noTTx2I1ACWWtT5l1+uoIqVFQpIDH8R0UcFWU0IO8HTZkkfXkV7VTfSlvFb62pYRAEyUcVlAHEKbbtLk5qCaZ6UUiu07bFU8PD5epIxiCKUj2bgLsNfKFra63TTq/5lou+tt5+bl0kANA21m8Sjm0MVcYSFQOoaKSK+Nn5m0neGGAqNQso2CjcrW9nXUyIhNHQiwgHafS0+cMOMIlarYldn4tRrg43TNtLFAFTXm4NXmMNTaVUgkfi/Z1lfKf0dHKWP2IBN5ZRsHpMNdSJODwMxAr6OhiGMidtqrUbRS6oatvZ03sgpXwFht8PDt0yOCrKaMDvBH33ESbFG2R/Ao0sMQtRRs/9T9q6E0tJBS+gLBa8vUZRamg+RCktRsk8NP5icWrugT8RdiP0tdPHiWJPEgA/L90ImW56kgqsaC5rd158ldb5vmf4tb5vmf4tb5vmf4tb5vmf4tO+HIWMZAdGFrLXlqvnfbYk6DZGO4DJQE0DC7hdeT19YmcqiOQyUkA8K9u6naXWR3i20Oka/jraf8A6es3OU7ZUUKfOAMa/pJqCaXr5F9CkMJIAu4+VLfn67tJFD1hv2nfH4dYwxr+jsJKVtrXj6nqeVqEDnCG75K8P62mjuNhRjbXZWq7bdS+8XW0k93vrStVr0rv4fk6a/qe7gt4+nZQ2eb5Os2zyUup46bdH3H6oE9UDfQE9T6f1moa9Tp2rd0Oavb+nz6wIlSUMsy2tKtCVAtbi7XY1iwq5WOi1QHYbiwa4aHxxr+dtT5DvII12GKI0ZrRf6Xa4dSWxvGlKqkpJbmG+6usPpOULrGCymhpZXeNd2tLtuljLE+Elf2tYwx7+hw1trbWvH1aeZrFRXMdEZi68wp5Opo40mFmxpZWJVj5lx1KBsAdvz6xjkfV1XfurfwXevrFbINcYsBF4gfCG86/UcsgyGZRwCMExnfvA7WpJEVkrQMrChqBaajQmxVLwM4SVd42W7beblbm1LkPH05omAV/CwqF9ZWu1BkYo6lhvsG8gj9XWVJkQe7uEkAUihpZW7i0I4lLu25RtJpLXUZyo2iWYMilxQV2HTyRRtKkpBBXbQ02hvJ0mJIR1XtWnxhuq/zfgm+R/wA+p60vtFvjpXi/U1P7z1OnQ1urbWvBZ2fma7xK/V9Vq0+Tit1C2KR7mALgvi/d+pqCvW6IC2+7/JwXU7OsG1HRlWQnqLaSCpt/RfTQF26QWgSvDyB+X0tT/KP0V++whiHxsx3KPKbQhiHxs3hY+UftTyDKhYoCbQ6kkjsgA6jWbJhMs69TJvdas8nE4lr6VmpcWTKjVMeZ0gLONsVb4iCTxc1mhJC6yRtuZSCD+NftsmZlOI4IRc7H+4Dzmbl0/wDsHd1cdDTqOpc+s10cKN5ml7v/AKjxPcpWoBMAVUV5WkR7vZt/mo+lEGEsuEyr/wBw4e29rvZ3qbOVNSZWbjDGW4dAqGCupG1lvrdxafu5e746tKUxrw4aRCxjikXi4upTSmVetlyisWOppWm93bsR698j7rX3alwTpsSV+TqdZvmaaBk92zohV4CaggbC8TbPWT7B/wCUn5tTd5gqMaCRYnqeIs1vItOLn1HmrIGaWUwpjKrGQ2ipk2Dl1H3cqmCeUMw6ysoAUXXEUu0TQlAxQSUNrFTbwPytu1l/yl/S+2rEkgKILVBUGgG7V87lyNg8AHyKNCCaS6MUotFG7dtUXaEEst0QpRaKN3LtUXa6EclEGxagEj0SdYi5El6xypbUAU4l8kDSpjuLGjBIIBFbnFdGWZi7tvJ0s0LWOu46jkkejQ1MZUW0JpX9HVnUAPlBRXTvBJa8nOSAxPh7YbTiGW0SEswopBJ3niU6KwvwE1sIBFT5Pk+rqOd344jWOgFB/dpcl3rMlLWoBSm7hAt11Z2vcC2tANg9ELpug1A3MpFRp4pJbo5OZbV/Zu0mPK90UVLFoBSgtXaBdy6SGWS6OOlgoBSgtG1QG0I+ru7dBd87STtLWWKoRqKNh37FGrhLbspQKtPpBtFm2sxqT8Z0MQv7AbkoPAbual2hBLJfGtKAqtRTdx236s6gamwMygnTSSG53NWPjJ0BFIVjLXOlAQfHzDTVZhDWqRmlB83m1bBIQh3oaEfkbRjeQKjCjKoAqD8fNpYYZbY1ratqnebu0ulGRJeENV2KKV9ALqwSBgNgLAE/O11J3LvuqfB8gHL8BxVkpA1apQeHfxUu0JYWKOu4jVhktB3lQAT+PTxwyWJJzCgNfB2gdHHST2JqChVWFDzc6toRRvVBuVhWnyaXLMntkFqtQbBt2W0t7ejliT252F6L4rOWlnLpppWukfmNAPi7P31EUQ9JzuUeM6EUQ+NmO9j4z9qkUbyjD8o+CIZzTGSZBKOiFoqt9XXqfWNbxaIU3KDsJFKj5NVPalYj8ir+roPkOEUmi7ySfEqrVm0sqSqUdxGp887BHTmV/smiedVdGsaoNAwNCrPSzVRtB3H7DCx1NI5ZHZ/jKBbP+rrHxcdQsccagU8JpVnPnO3Fo5TqOtiyIY38NHIjdPRat3qahxpzWWWC1HbwPExWB/8A201k9z5Jskw2MiK2whCaTJ/pTf8AV1ld8yC7Fwz7Cu6v1eN9FXn/AJmpVzOOPGJMcbbvZKOmtPT9t8Hd+TiC18ponlVdlTI7Y0v/ADY/sH/lp+bX+0vnJh5TZZmdZFZiyjksVOfs67ux4ZveT3XDlzTtEjmjtwI0iW3RcMkvPrAny8xJc3GwsgySOeIzSlOnjs3lW67ry8VgO7pMcJFjIRbDKv18do7Tf5j6y/5S/pfbRmFR0DuaortNvLo5QUCEAm5iBsHy/YLBFS960rsGwXaaCWl6UqV2jaLvso8iW2yWlKGpFRcLtJBGQHeoBbdsF3growSlSygElakbRXwhdUUVJ3AaKOpVhvUih/JoB1KkioDCmzx7fsTHAtzKLjU0FPx66QFz3WgDbU1t2aEc4CswuABB2bvB8Es8bIFhrcGJrsF3DRW+yCKKsxAUeMnSuzoWYqoQE1qxCDbTztCKYqSy3Aqaim7w2/2AonDEvPIdw+Tym0IoVoo3nwk+U32umpE8l2H5DpcfNhE8KbENbZUB2+yl8nbd05FdNNErXpRWRiKG11EiXL2WtbUHnFz9NtY3tzi5K39CYqGTbaJInu4bnXl00L9MTDLx1fKx9gYty23X2zxqOPUuGMh1g95ijaVmJdEkjMjL1m4lvlWy/wA/T4yZTjGTJhQTXVYB1czQmY+TwehfqXGgmaTHGRHH1TJRgGRpJIPeWut9oE4/4nT10erwNkrHsmBdFKFzA+Xbw3yrwfvP3ep45XDrG4CC/qstQC0cktq3WtrOhgaFIJMmdGLqzOLmo/CCsepoMeWWmBCiBuqIlQhLozYOPJeT0f4eugJG6neKRNjNTkY0TLt8npx+30Bvp4T8BihoMqBupBXYCaUaIn+Iv09L3Z37jTJPigRiRV4iq7EEschTit7fb1F3Z3VjvFgo4eWV/Hu6kzLwIiK3BF29QYUP1cCBFJ3mg5j6XNqTvDCJii7yjcMwGy5x08lPX+t9fUEbik8/t5vHc/KvqRWLqL+p+6UMhShyI1FSCB02dlX9zLFwS6vfGnGRT6oWla/zbhw/6eh/UneUZhxoiGxkNRUr9SsVf3cX1jS9uT7B/wCWn5tZHfTvDCyEY2G+Q1kZdj7drvKs9mnr6/qN7zEZjjxRuGK/+UVV+UrfxN2tZKr3ccY42RjQY2W7OzS3tH1pbeV04mTh1mSQIqRX2IFW0UQBOSi9rWX/ACl/S+2wQMaK1C3yB7iB+TS4Ea9OFACfAG8m3zE1BkRXXy23VNRtW7WJKl107Ir1PgYVNNmo0mdwZjaiV8NeYso+PUGOjusUqlwQaMpAfc/q6yceVnZY1VgxarEkJzMfS1kRS3WxctDQ7yuskyFlMTlVIOwAeFtSz4Tuzwg8RO8qLtqsBzaGb3gxCvtVRsoDy8vEzNp83GZn3FCTsoWC8tOzXWNKryMWtFrtVRVbuBezqD5T+i2jHO7HJkUEIKgAKP0tl2poCzGeP6vxFCA3Fs5uLSm9/eLqkbaX8HTHL6Wokdm95cxraN1hah8GkGRI46mxVr+VyVGooUcrBKrNt2sLOZR85dSRqkqTqPZs1bWOzlbULYkpklb6wH5Pk4eLUmUdk2Tsj8e3hT9eTXWf6vHFxJ3XHk/a1PNIxEEdKAb6bo19a3TrjyO3T2OoPj7QLLrvBBuUuB+JTr37PcrGeVR4q2gmnFxaOd3ezFU2sreIc2/iVl1Bl5MjRqyKz7d5ZbrVoLtSZmEWJRjsJqKK1p8Hkceosh7veZqUFdm3i5fQ0nXLXVHSp5de1qCN2cZLNGopsAQtTZ52oMV3kdJIyzM7XNsEnaPoabDLu0xFwWtKCm6tObtamx8pnZIvq1jFWatLRwg9k6fKxlliaPaUlBBIG/Y2oczId0DKrPQ1qSOVRTUORhElZmVQpNa3iqNpFzpGaV9uytPjoqjl1Pks7HDiZhGF5mA4vFdo5uHelh445N9K2+H77iWaseP4PG3o/t6WKJQiLsCj7bkBceSRGkZ0dFLAqxuXao0scmCZumAsbywFmUDcqvby+noySY87ySGrMUapJ9XWNjyCkiILx4mPEw+loxzIsiHergMPyNpY0iRUQ3KoUAA+Uq6cMisJNjggG6nl+VqGJVWKKGUS9NVFrUrwMvnXa6AiQQnfHaLfmcuugIkEJ3x2i3x8nLoRxIsaDcqgAfkGjYoW4ljQUqTvbQkkiR5AKB2UE08Vx0mS71SFSuPCFACXAK7XdrhX4YY5ywM5IUgEgUKrV/J4pY9OuSIJjCwRxIFaxm2orX8l1dRwpLDCJQGijUqoYNsRkUeXqVWnjDQC6YFhVFPak8nUWNIY8j3hTLEjAOrKlLnWoZOG7UeC5YTSgFdht4r7Fu8p+lJoNHIsoaTo1QhqP5LakynXGYwuI5JQisyuxCIrFVZ7mdtPFG6s8JAkUGpUkXKreTw/YP8Ayk/NpLIJDhr7SMyuqQiv7xOq6r62k7tzO8MCAXB8mXrPPPKyn2XV6KSfV+TdqJ37+mnbHYPDSGVwrDlZeu6p9HTze8STzSMXd3jClmO9jxtrL/lL+l9tjWOZRkIVIQMLgQ93JpZGljiykFQrMFNe0nEeR+xqBHyVhMQUvUioKixhaxX1dYawzI4SVDQMCQoHaHZ1iNFKjqp4irAgcQ5qaw2hkWQBHBKEMK2yeTrJ6zBFkRVDHYK2xnbqd/e42aY3WlgAordbddxb9Z6vKil2ewFgCag8vlaykklRHa61WYAmqU2A6TElmWCSIAGpAIK7A1GtuW3TRwNfGLQreP2gub52sVI5Ud1tuVWBIolNoGoXkYIgJqzGgHC3hOkm6qdIDbJcLfq2HPy6eYyKYnAUSAgrWxO0POGoc1Z1lEkoZ0WhtUW7eEnWPmR5CO18aCNSDXj5tjfHqI5E4iZBUoSBctfO1DHFkiEQKxXIBFLzbw7aXcupYcnIjyZ2BCWAVr2CVUty6xUxsjqyTkCRQQaLS53oOW3z9Jhx7I8dQKDdUjd6qaC7p8vf46MP/talinYIJaFWOwVFdhb1tSiCcTuwGwUNq13Er5Wu8EkkRGdntVmAJ2HlroYE8wglTYC1BuNUZbrbtPhQzCeWSoJWna5maha3h1hxJIrOoS5FYEiiU4lGpsKQVjmUmn0H+cp1HjFrIYaIzeAXUvb1V1jdCcSRVVnckUXb4XXg1jSpIjRqY7nDAqKPU1bWNMJkMSxENIGFoNJthatva08xlQRGtJLhbyAc/LrNpKiySFenLUEEW04G5eFtZML5i5E1rAsSASSOWNa/o6x4llRpFsqgYFhQHeusQJIjyxNExjDAtwjwrzajyBlLCUFGDUrTfRlZlt1PgicR0dujMaUIIpdxez8GmVu8EyDIQpiVUBtO88NW++oRAWZtgUbSToTZoDNvWHeB6flaoPu6LIljDywXdJjttutuK+dwazI2Q07wp7ybiS1N1L7rPV0JJYqsAFFCRQDcOH5dZD9Lbl069CRUjtebdbqNkDIYg6paxGyQ3SBtvFx8WhlWXZCxiIStxNYpY0ub0+PQWOOgWRZVqxNGQWxUqeSNeFI9SRqhVZSpa1mBqjGaMhq8NsrXamnUMsmRb1GViOTlpT7AZmNA+RFIir7JSxVl2UZVq2gjYOUyDchjkKj5EpbrZ3fkD/Sf9nX/AIGR/wAp/wBnX/gZH/Kf9nWTlZcLQLIojRZBaxINzNYeK37iYvB1J6kpJsBAIUWXerp55OaQ1NN3yfYLFk4gldCaPsqQTdpYI4xDAm5B4acv2UcpFQjKxHyGukkRCgRbaH5a/D1IGselK0B2H0tNI5udjcxPhJ0pncvZsXYBSvo6ZsiITxuhUqaeNWu2+jposDGEBfe+zZ8dBzfYhIcYDIttaTYAT5TU4tM7mrMSWPjJ+/8ASJaIOaQ8o1wC+U80p3+r5K/gaCICzNsCgVJ0Jc3YN4hB2+u37OgkahEXYFAoB+BoOw6UJ7bDaR5i6pCvGeaRtrH8f4GvZJRPDI2xf8Xq6DyDrSjtMNg9FPwNexQ2+GQ7FHraD5Ht5PEdiD1e162gAKAbgPwMgolkZ/ePsH4vK0Gm9vJ52xfmftaAAoBuA/AwFUFmO4DadBpaQIfK2t8z9rQYJ1ZB232/NXl/Az7CJmHlbl+eeHQbLk9SP9tv2dUgjVPGd5PyseL8DFkKNI3iUV0DOwhXxczfkHD9LQJTquO1Jt+jyaoBQDcB9yM9pewFrVFWNBW1R5WmxRgZxyEQSNF0OIIxKq9L+VmXQNKV8B1/t1pv6HvF/gpf0rftDjDxczvCKJikmRiQ3xBl5wsjNH1rf4HV1HOgYJKiuoYFWAYXC9G4kbzfssnNdS6YsTzMo3kRqZCq/N1DkqCqzIsgU7wGAen9+poo5Az4xCzqOwSOoA3qG7SZOM4lhlF0bruI8Y+GSeZgkUSl5GO4KouZtDveYPHjGNZQrL7Sj06adOv1sly8GpYI3Bmx7evH2kLjqRq/nMn2K5eNd0XLCNmFLgrFOov8N7fZ6kzHUusVtVXebmWPw+n9hDFLIEkyGKQqd7MAZGVfUX4MOBlLHNlMKEblIjknub1YfsWdoZMcq7JZKACQpt6i2s/s5OZNL3TYeo2M2UJNltqusFnpe0/svbEjSN4lBP5tAy2wr5xq3zV0DJWdvO2D5q6sjUIo3KooP7vujN/+Bj/9TI13sYYsyVsSZsbDbFyY8eOJkVXV5IZJoWnd3fqPetnY0+blIP8AccfuNpZY9hHWRi7L7Oq8Ui9jXdefDDmO0zxvn5M2VFJBLBKPbPHiLO3Tsu6mP0otd4/1BP3jlY+YhyWhWOVkjgEDSxRQe7pwNcsfH+849dw4subkxwz90ifK6UrK0rAY+15Abr2Z+OX63/ma70ye7xns/dvszl+9dKCKSJI/ZxY/U/7ny5upD7R35/q9RY0+VkR4n+1xZEkEErxK0rSyL1PZMtvq+ZrL76bvLKkzu7p3jxiZWs6ePN7t054VKpkdZVfqyy+013gMWvXONL07ea6xqWef5OsGf+n1x3jjgViuQXVbFT2lvQVvb9Qcd2u4Q2TNhw5+HLkZMWM7IGoIHWO6ty8T8/1lnp67xiyc3Kji7ukXExoIJmitURxye8ytHxzTSM/PLruFJsl5EGVnY0ktSFnWFJkxnmtpHI3s/wDma/qhYchwcPBgMYV2HSkZMqRmjofZyMvSa5Ndz96xd45ORl5U+NFOJJS8U65FolVID7NLU44enyabGeSWFXKkyQuY3FpD8Mi8S8vFrvT/AOHkf9J9f09mpmZEmRmTwQZKvIxiaOWF3Ma431KLF006Via/qAGbKFkyqKZMwqGgjfjpJxt5DtyJwa7ukxMufGlypMVWmErkIGkEb9JXYpFHt44k9nru/Gw8zImTvGPIWeLJlacAxJ1YspeoeBur7OTse00O7+92zYe9p4ZAZHyGkgnAI6s+JRunFJHW5I+lDJAmu7/6bieST3xgk8kjF391gAkynkk8qb2eP/r6wO6UHsMX/v8ALA3UjPTwYfXyPbf/ANbXfkglnLQSY5VWmkKnqY4LdaNnsmtu9j1fqf3WsHA96ngxGxZpZ4oZGjvteJVBaMi3ifnXj137kN3lmX9zS5EeARMwtWBFy16tp/7hm6nSunv9nqDGEWTPjx4MOS0GJOmMxkmr7aSR5YGkjjtsRI+3qPu/MLr3pnTNhYzSOryBJGa2aWSFnRnx8O+R3/h6xP6eSebE7uwsFZ1jx5DE0pD+6okkkdsnThRLuBueTX9RYj5cuZFi5UMcLzOZGVfYN0rm/wAtuBtd5YuTl5EOP3asKQY+PK0NTNH1nyZWitkka49OL93waxsBc+dTD34e71zVakskCpK3tH5JXW7p8f72HRM2RPN3Zk4kjoMiV5Ss+PdkOqNKz/8AkQSN/wAnX9Ov3lkZJzMqaVsik8qWF4p8npwhJB0ejf0PZfuk6eu848rMyoou73TGx8eCZ4qAxpL7zKUN8ssjNwPJru3JtfvLIwe8MqKI145lhizIo5GbtcC8fl/zNYuRiZ0mfk985cUcuTE9gQSXF4cLrMsWHb0/dkv6ftH9p7TXe8nSy8Pu/wD22Z4/eclJ5EykU2SQSxzTTR3R8X8yPXcGeM7JnyM+eCHMEsrPG6zRPI3sW9mnTaP2VnwY/d7Zc0K5/e2Vjy5KuRKsUbTSJBDK13Sv6aRJo48WRLOn+1s4SeRpWjrPELVkkLPY9t9n9lPYxM/xgbPncugZ3WEeIcTf3cP09AupmbxudnzVpq2NQijwKAB/d91vnKlMmSNYnkqdqIWdFsrZzO3Z0+ZJG6ZEyhZnhlkh6gHCom93kj6nDw6GQIx1RD7uDUkdIG7p2Vs5tJNjRyJ02MkcXWlMSse0mO0nRXf5Gs1MbuKVcrJdws7ZCjEZjckefLjrNxNZ7fp+6fWaxHC3T4WMMSKWpHswEuWy6zi6SalmycdnOQbpkEsixu1LOo8McixdVV/eW36GZHHTIEK4we5j7JCZEjtLWc7c/Pqbu54a4mQzvLFc+1pH68hvu6i3Stdwv8ErdGSJZ2umihmlijYnmZoYZEj4vR1jSxwhHwo2hxqEgJG1tyBK2fu05tHKyImE7r05JIpJIi6eRN0Hj6vr6hwXgCY+MQ2OI2aNoyu5opYmSRG9bXekPdWOfes7HaNiXZmkYLJ0r3nduO6Z+PWPliAjJhQWB5HdI2Ye06ELu8MX+mumxcoFoXKlgrMhqrCReOMo/MupcWdb4Z0aOVKkVRxY63La3K2sWJ4qpgukmMLmFjxqYom2Nx2o/wC81J3oiMuXKAJSHcI1F6as8F3RZ1j4brNLg93Y7PDLlwSTQNIzIIlkvmEaTPbFHYz+zi1JNBCzSzJ0WllkeV+n/lI8zuyR+hpniSRmMbQqZZpZCkb86Q9aR+jd/D0+UrlkTHjxMSM1PSiTidb3Z2keaTtfw49Z2XLJ1Zs2UNdSlsSKI8eAbW+r4m/mSabvFkdcmROnIySOiutrxDqRo6xuyJI9jsvBrHlijIkxITjwuWZiIyVZkNzcfFGnG/HrMxxF7LvFpHy1ubjaVRDMa3XR3xr+6s1jtJEySYiCKCWKSSORUAp0+rE6SMnp6xciNqY2DFImPASzMJZmunyXmkZ3kd04OL/Ml1jPJ3XPnGIMY8nFmWGWMnZ07jNjPY/p6zYs7FGPF3hMJfcg5YxogRYlknRuOZmj6srdTS5OTGwyFUx9aKR4nKH927wPHenp6xcWPHCQ4MonxkUsLZFDASbG9o3tZLurffrD7vfD/wD87GmTKnzJGWjGMGzHgiBMntGeyV3/AHeo0zEY9FxJE6O0bq4BW5JIWR+VtDImidZrBE0kUskbMg2BJWhdOr/qaxIo4FSPAa/FVSQEYq8V1FPHwSyfWay4Gxh0c9upkxBnCFx+9SO+yGX+JB031PjhZJI8mIwSiWaWQmIgq0SNLIzRLxfurNYsTRXLgukmKCzCx41aOJtjcdqP+80L0w7Ki6jy1p4aez0+DLj1x5JWyCLmuErMZGmjku6kb3t2G0czFiYZToYnneSSR2UlXKu0zvdxRp/ZC1QWJ3AbTqoiMa+OTh+jz/R0DkTV8axj9dv2NVWEMw7T8R+lw6oNgHg/ArRRUncBrhgZR434R9OmqzzKnxICx/K1uqsrSnxudnzVt1bFGsY8SgD834FaRIznxKCfzar0umPG5A+jzarPOB4wgr9Jv2NVKGU+Nz/wW1dUijWMeaAPzfgUoilj4gKnXDAyjxvRf07de1lSMfFVj+rqssjyHxCij/i30tcECk+NuI/Tu1RQABuA/An7OF3+MKSNbYgg8bMB/dtbXtZ1X0QW/Ss1WR3kPygD+4a4YEPxtxfp3aogCjxAUH9n/wD/2Q==\" data-filename=\"iklanheader.jpg\"><br></p>','0','2022-04-15 07:08:53');

#
# Structure for table "website_pages"
#

CREATE TABLE `website_pages` (
  `id` bigint(20) unsigned NOT NULL AUTO_INCREMENT,
  `title` varchar(255) COLLATE utf8mb4_unicode_ci NOT NULL,
  `slug` varchar(255) COLLATE utf8mb4_unicode_ci DEFAULT NULL,
  `content` text COLLATE utf8mb4_unicode_ci NOT NULL,
  `created_at` timestamp NOT NULL DEFAULT current_timestamp(),
  PRIMARY KEY (`id`)
) ENGINE=InnoDB AUTO_INCREMENT=5 DEFAULT CHARSET=utf8mb4 COLLATE=utf8mb4_unicode_ci ROW_FORMAT=DYNAMIC;

#
# Data for table "website_pages"
#

INSERT INTO `website_pages` VALUES (1,'Kontak Kami','kontak-kami','<h5></h5><h5>- Whatsapp:&nbsp;<a href=\"http://wa.me/6285349680016\" target=\"_blank\" style=\"color: rgb(255, 0, 0);\">0853-4968-0016</a>&nbsp;(Jhon Delton)</h5>','2020-08-26 22:56:59'),(3,'Ketentuan Layanan','ketentuan-layanan','<h5>1. Umum</h5><ul><li><span style=\"font-weight: bold;\">Borneo Pedia</span> sama sekali tidak akan bertanggung jawab jika anda memasukkan Data yang salah dalam melakukan pemesanan.</li><li>Dengan melakukan pemesanan di website kami, anda telah menyetujui dan membaca peraturan sebelum membeli produk kami.</li></ul><h5>2. Transaksi</h5><ul><li>Transaksi atau pemesanan yang anda telah buat tidak dapat dibatalkan.</li><li>Harga produk yang kami sediakan dapat&nbsp; berubah sewaktu-waktu tanpa pemberitahuan.</li></ul>','2020-08-31 14:27:37'),(4,'Pertanyaan Umum','pertanyaan-umum','Pertanyaan Umum','2020-08-31 14:28:52');
